dc:source,spacy:ent.text,spacy:ent.label_,spacy:ent.start_char,spacy:ent.end_char
Dokument 01,1BaslerBasel,MISC,0,14
Dokument 01,Gesellschaftein Dieselmotorboot,LOC,390,422
Dokument 01,Basel,LOC,603,608
Dokument 01,Hüninger Kanal,LOC,621,635
Dokument 01,Löschstelle,LOC,674,685
Dokument 01,Schlepp-geschäft Beschäftigung bringt,LOC,917,955
Dokument 01,Herbstund,LOC,981,991
Dokument 01,Rhein-Verkehr.,LOC,1043,1058
Dokument 01,Personen-beförderung,ORG,1105,1126
Dokument 01,Basler,LOC,1424,1430
Dokument 01,Per-./.- 2 -Basel,LOC,1525,1545
Dokument 01,Internationalen Ausstellungfür Binnenschiffahrt und Wasserkraftnutzung,ORG,2311,2382
Dokument 01,Basel,LOC,2537,2542
Dokument 01,etwasstärker,LOC,2705,2718
Dokument 01,gestattetauch,LOC,2828,2842
Dokument 01,Basel,LOC,2853,2858
Dokument 01,Herrn Ryniker,PER,2913,2926
Dokument 01,Max Vischer,PER,2957,2968
Dokument 01,"Ferienbefindet, so",LOC,2997,3016
Dokument 01,"Herrn Dr. Vischer,den",PER,3047,3069
Dokument 01,Herrn Ryniker,PER,3073,3086
Dokument 02,BaslerRheinschiffahrt-AktiengesellschaftBasel,LOC,0,47
Dokument 02,Interessealler Beteiligten,LOC,526,553
Dokument 02,Internationalen Ausstellungfür Binnenschiffahrt und Wasserkraftnutzung,ORG,628,699
Dokument 02,Basel gemeinsambetrieben,LOC,703,728
Dokument 02,beidenPersonenschiffe,MISC,828,850
Dokument 02,Rheinfelden,LOC,1092,1103
Dokument 02,Strass-burg,LOC,1133,1145
Dokument 02,Schiffs-personal,LOC,1196,1213
Dokument 02,Ausstellungsleitungund mit der Abteilung für Personenverkehr,MISC,1364,1425
Dokument 02,SBB,ORG,1430,1433
Dokument 02,kombi-nierte,LOC,1439,1452
Dokument 02,Rhein,LOC,1576,1581
Dokument 02,Personenschiffahrtssaisonca. 1. Oktober,MISC,1804,1844
Dokument 02,Personen-schiffahrtsgesellschaft einzugehen.,LOC,1880,1925
Dokument 02,selbstän-dig,LOC,2274,2287
Dokument 02,Werbetätig-keit,LOC,2395,2411
Dokument 02,Betriebs-leitung,LOC,2582,2599
Dokument 02,Basler Rheinschiffahrt-Aktienge-sellschaft,LOC,2821,2864
Dokument 02,Ha-varien,PER,2911,2921
Dokument 02,Schiffesgehen,MISC,3105,3119
Dokument 02,Inventargegen-ständen und Maschinenteilen,PER,3157,3199
Dokument 02,Gemeinschaftsbetriebesgehen,LOC,3458,3486
Dokument 02,Gemeinschafts-rechnung.,LOC,3529,3553
Dokument 02,Personal-kosten,LOC,3712,3728
Dokument 02,Basler Rheinschiffahrt-Aktiengesellschaft,ORG,3758,3800
Dokument 02,Schw,PER,3819,3823
Dokument 02,Gemeinschaftsbetriebes,LOC,3902,3924
Dokument 02,Gemeinschafts-rechnung.,LOC,3939,3963
Dokument 02,Fahr-gäste,LOC,4000,4011
Dokument 02,Gemeinschaftsrechnung.,MISC,4041,4063
Dokument 02,Betriebs-,LOC,4171,4181
Dokument 02,Rheinfelden,MISC,4671,4682
Dokument 02,Feldsessel,LOC,4917,4927
Dokument 02,Sitz-plätze,LOC,5006,5018
Dokument 02,Verteilungsvorschlag.,MISC,5105,5126
Dokument 02,Rheinfelden,MISC,5459,5470
Dokument 02,Rheinwerft,ORG,5579,5589
Dokument 02,Walsum jedenfallsin Bezug auf Schiffsbau,ORG,5590,5631
Dokument 02,Rheinwerft Augst,ORG,5636,5652
Dokument 02,überlegenist,LOC,5658,5671
Dokument 02,Rheinwerft Walsum,ORG,5677,5694
Dokument 02,Reklamegründenalles,LOC,5715,5735
Dokument 02,Rheinfelden,MISC,5805,5816
Dokument 02,Preisesjedenfalls dem Boot,MISC,6365,6392
Dokument 02,Rheinfelden,MISC,6394,6405
Dokument 02,Landungsstege,MISC,6449,6462
Dokument 02,Basel,LOC,6463,6468
Dokument 02,Treibenden,MISC,6514,6524
Dokument 02,Schweizerhalle,LOC,6566,6580
Dokument 02,Waldhaus,LOC,6589,6597
Dokument 02,unerwünschteFall,LOC,6605,6622
Dokument 02,Per-sonenschiffahrt,LOC,6853,6873
Dokument 03,BaslerBasel,PER,0,12
Dokument 03,wirvor einigen Tagen,MISC,888,909
Dokument 03,Dr. Krastingund Herrn Christ,PER,935,964
Dokument 03,Ausstellungskomiteedie beiden Schiffe,MISC,1043,1081
Dokument 03,Rheinfelden,MISC,1083,1094
Dokument 03,Ausstellungzu stellen.,MISC,1449,1472
Dokument 03,Christ per-sönlich,PER,1567,1586
Dokument 03,Personenschiffahrts-gesellschaft,ORG,1620,1653
Dokument 03,Brachtensgute Vorschlag auf Widerstand,MISC,1767,1806
Dokument 03,unsermEutgegenkommen,PER,2101,2122
Dokument 03,BesprechungIn Aussicht,MISC,2289,2312
Dokument 03,Iren,LOC,2357,2361
Dokument 04,41926,MISC,0,7
Dokument 04,BINNENSCHIFFAHRT,ORG,44,60
Dokument 04,TELEPHON,LOC,102,110
Dokument 04,SAFRAN,ORG,111,117
Dokument 04,TELEORAMME HYDRONAVI,MISC,125,145
Dokument 04,POSTCHECKKONTO BASELV4038Basel,MISC,148,179
Dokument 04,wor-den,PER,485,493
Dokument 04,Hran,LOC,704,709
Dokument 06,Zeilenvom 24.crt.,MISC,249,267
Dokument 06,Zeit,MISC,545,549
Dokument 06,zurückkommenzu,LOC,558,573
Dokument 07,BaslerBasel,PER,0,12
Dokument 07,"Herrn Dr. Max Vischer,",PER,352,375
Dokument 07,Basler Personenschiffahrts-Gesellschaft,ORG,389,428
Dokument 07,btonternat.,LOC,613,626
Dokument 07,Hafen-etvereinbaren ac,LOC,658,682
Dokument 07,Ausstell,MISC,795,804
Dokument 07,Besprechne,LOC,838,849
Dokument 07,befriedigen-den Form,LOC,1136,1157
Dokument 07,Horrn Ryniker,PER,1190,1203
Dokument 07,Zeit,MISC,1246,1250
Dokument 07,Herrn Christ,PER,1322,1334
Dokument 07,Marz,LOC,1842,1846
Dokument 07,BureauHerrn Dr. Krasting,LOC,1860,1885
Dokument 07,Herrn Dr. KrastAupf,PER,1917,1937
Dokument 07,Christ,PER,1991,1997
Dokument 07,Chriet,PER,2115,2121
Dokument 07,Genhhmigang,PER,2212,2223
Dokument 07,Christ Xopie,PER,2424,2436
Dokument 07,Christ,PER,2475,2481
Dokument 07,Mapfang unserse Jchreibens,LOC,2524,2550
Dokument 07,Zeit,MISC,2740,2744
Dokument 07,Kreisedes Verstandes,LOC,2814,2835
Dokument 07,darzuf,ORG,2944,2950
Dokument 07,Eisse,PER,3059,3064
Dokument 07,Christ telerhenisch,PER,3480,3500
Dokument 07,Christ,PER,3601,3607
Dokument 07,Londen,LOC,3780,3786
Dokument 07,Junil,LOC,3791,3796
Dokument 07,Verhandlungen./.21.6.R6.BaHerrn Präsid:tieder aufzadehmen.,LOC,3801,3865
Dokument 07,Perscnenschiffahrts-über unsere Stellungnehnegesellschaft.,LOC,3998,4058
Dokument 07,Horr Dr. Krasting,PER,4240,4257
Dokument 07,"suben uns,",PER,4462,4472
Dokument 07,Fer-oführt worde:,LOC,4519,4537
Dokument 07,Währendden,PER,4591,4601
Dokument 07,Christ von Ihnen,PER,4607,4623
Dokument 07,Früsidenten deBasler Ferwonenschiffahrtegesellschaft uns,MISC,4632,4689
Dokument 07,Deiegierter,LOC,4704,4716
Dokument 07,Dolegierten gewünschteenge Betriebsgemeinschaft,ORG,5075,5123
Dokument 07,unsfortwährend,PER,5158,5173
Dokument 07,unsniemale,PER,5221,5232
Dokument 07,Christricht,PER,5255,5266
Dokument 07,offisielle./.11.6.26.Vischer.,LOC,5276,5308
Dokument 07,Fersenenschiffehrtegesellsesei,LOC,5352,5383
Dokument 07,Herrn Dr. Krasting,PER,5400,5418
Dokument 07,"Einvern. sehriht, niten h181Eter",LOC,5781,5819
Dokument 07,ArIhren Delegiorten wielihrdig,MISC,5863,5896
Dokument 07,Fub1.,MISC,6039,6046
Dokument 07,Kan./.11.5. 26.scherhleppbeet,LOC,6383,6416
Dokument 07,ver-In,LOC,6447,6454
Dokument 07,Beot,LOC,6603,6607
Dokument 07,migeteilt,PER,6633,6643
Dokument 07,Behandlunabe.,LOC,6749,6763
Dokument 07,beklegt,PER,6855,6862
Dokument 07,uEnstige Bezahlung,LOC,6872,6891
Dokument 07,Fersenal,LOC,6901,6909
Dokument 07,Schschwierigstenihr,LOC,7019,7040
Dokument 07,worlu,PER,7062,7069
Dokument 07,Herrn Reisenn,PER,7085,7098
Dokument 07,eigent-Rheinfelden,LOC,7294,7313
Dokument 07,solauf eetne bicherige StellunSchten,PER,7373,7411
Dokument 07,Ooffentlichkeitwir,LOC,7600,7619
Dokument 07,Verstendes,LOC,7784,7794
Dokument 07,Ferschals,MISC,7814,7823
Dokument 07,Sitzunvom 15. Juni,MISC,7880,7899
Dokument 07,Verschlaehmenrgeschlagen.,LOC,8091,8118
Dokument 07,Ernst derme,MISC,8192,8204
Dokument 07,weden Verhindlungen,MISC,8237,8257
Dokument 07,unssicht,LOC,8272,8281
Dokument 07,Christ stattgefanden,PER,8323,8343
Dokument 07,Fublikumes,LOC,8529,8540
Dokument 07,Interesserständlich,LOC,8544,8564
Dokument 07,Schwitern,MISC,8799,8808
Dokument 08,felend26. Juni 1926.,PER,0,21
Dokument 08,ct,MISC,249,251
Dokument 08,Steuerder Wahrheit,LOC,470,489
Dokument 08,Basler Rheinschiffahrt Aktien-gesellschaft,LOC,538,581
Dokument 08,Christ,PER,654,660
Dokument 08,Basler RheinschiffahrtAktiengesellschaft,ORG,734,775
Dokument 08,Herrn Groschupf,PER,964,979
Dokument 08,Christ mit-geteilt;,PER,999,1019
Dokument 08,Christ,PER,1025,1031
Dokument 08,Basler RheinschiffahrtAktiengesellschaft,ORG,1110,1151
Dokument 08,Christ,PER,1341,1347
Dokument 08,Betriebswährend der Dauer,LOC,1441,1467
Dokument 08,Gesellschaft in Vor-schlag,ORG,1685,1712
Dokument 08,Christ,PER,1730,1736
Dokument 08,Basler Rheinschiffahrt Aktiengesellschaft,ORG,2165,2206
Dokument 08,aller-dings,PER,2275,2287
Dokument 08,Missver-ständnis,LOC,2463,2480
Dokument 08,2.ot.,LOC,2505,2510
Dokument 08,Besprech-ung,MISC,2528,2541
Dokument 08,Herrn Dr. Krasting.,PER,2566,2585
Dokument 08,Christ,PER,3054,3060
Dokument 08,Herrn Groschupf,PER,3295,3310
Dokument 08,Herrn Groschupfund dem Linksunterzeichneten,PER,3457,3501
Dokument 08,Basler Rheinschiffahrt Aktien-gesellschaft,ORG,3510,3553
Dokument 08,Betriebsorga-nisation,LOC,3898,3920
Dokument 08,Basler Rheinschiffahrt Aktiengesellschaftfür den Fall,ORG,3997,4051
Dokument 08,Basler Rheinschiffahrt Aktiengesellschaftdiese unsere Anregung,ORG,4317,4380
Dokument 08,merk-würdig,LOC,4480,4492
Dokument 08,Basler,LOC,4518,4524
Dokument 08,Rheinschiffahrt Aktienge-sellschaft,LOC,4525,4561
Dokument 08,Basler Rhein-Blatt IV.schiffahrt,LOC,4661,4695
Dokument 08,"Basler Rheinschiffahrt Aktiengesellschafteinzutreten,",ORG,4936,4990
Dokument 08,mög-lich,PER,5287,5296
Dokument 08,Basler Rheinschiffahrt Aktiengesellschaft,ORG,5505,5546
Dokument 08,Basler Rheinschiffahrt Aktiengesellschaft,ORG,5678,5720
Dokument 08,Christund,PER,5777,5787
Dokument 08,Basler Rheinschiffahrt,ORG,6010,6032
Dokument 08,Basler RheinschiffahrtgesellschaftSchiffahrtsamt,ORG,6095,6145
Dokument 08,Basel-Stadt,LOC,6158,6170
Dokument 09,EmpfangIhres Geehrten,MISC,288,310
Dokument 09,Basler Rheinschiffahrt Aktiengesellschaft,ORG,363,404
Dokument 09,Herrn Groschupfzu,PER,589,607
Dokument 09,Personenschiffahrtsgesell-schaft,ORG,699,732
Dokument 09,ichmir,PER,875,882
Dokument 09,Konferenz an der Sie die Anregung,MISC,937,970
Dokument 09,ichferner,PER,1157,1167
Dokument 09,Personenschiffahrte-gesellschaft,ORG,1203,1236
Dokument 09,Oettinger,PER,1425,1434
Dokument 09,"Ausstellungsleitungals"" von unserm",MISC,1510,1545
Dokument 09,Kenferens/,MISC,1641,1651
Dokument 10,Eidgen.,LOC,173,180
Dokument 10,Polizei-DepartementsBasel,MISC,221,247
Dokument 10,Wylemann,PER,441,449
Dokument 10,Veraussetzung,MISC,657,671
Dokument 10,sterdie Maschine,MISC,723,740
Dokument 11,"wiri gerigt,",PER,107,119
Dokument 11,Fhhnefür die,MISC,478,491
Dokument 11,Abenäfahrt,MISC,492,502
Dokument 11,"trigtdie ""Rheinfelden"" imrer Fahnenschmuck.",MISC,540,584
Dokument 11,Erle-digung,MISC,686,698
Dokument 12,"Max Vischer,R/MPräsident",PER,106,132
Dokument 12,Landungsstege,MISC,250,263
Dokument 12,Herr Oettingerbereits,PER,402,424
Dokument 12,Landungsstege,MISC,584,597
Dokument 12,Stege.,LOC,705,711
Dokument 12,Landungsstegegestatten.,LOC,861,885
Dokument 12,Personenschiffahrtauf dem Oberrhein,LOC,1051,1087
Dokument 12,Vereins für die Schiffahrt auf,ORG,1213,1243
Dokument 12,Oberrheinnahe,LOC,1248,1262
Dokument 12,Förderungder Schiffahrt,LOC,1314,1338
Dokument 12,Oberrhein,LOC,1347,1356
Dokument 12,Landungsstege,MISC,1397,1410
Dokument 12,Preiskonventionaussehen,MISC,1596,1620
Dokument 12,unsnicht,PER,1929,1938
Dokument 12,Max Vischer,PER,2250,2261
Dokument 12,Verhandlungsweise,LOC,2302,2319
Dokument 12,bloss-gestellt haben.,LOC,2521,2543
Dokument 12,WernerStauffacher.,PER,2777,2796
Dokument 12,Wirhaben uns,MISC,2980,2993
Dokument 12,Kantons Aargau,LOC,3016,3030
Dokument 12,Rheinfelder,LOC,3338,3349
Dokument 12,Basler,LOC,3529,3535
Dokument 12,Schiffländezu erreichen.,LOC,3694,3719
Dokument 12,Gesellschaft einzusenden.,ORG,4007,4032
Dokument 12,AKTIENGESELLSCHAFTsig.,LOC,4070,4093
Dokument 13,3BaslerRheinschiffahrt-Aktiengesellschaft,MISC,0,44
Dokument 13,Herrn Oettinger,PER,405,420
Dokument 13,Herrn,PER,634,639
Dokument 13,Ryniker ausge-,PER,650,665
Dokument 13,Personenschiffahrtsgesellschaft,MISC,903,934
Dokument 13,"Betriebder ""Rheinfelden""",LOC,944,969
Dokument 13,Basler,LOC,1280,1286
Dokument 13,Personenschiffahrtsgesellschaft,MISC,1315,1346
Dokument 13,Hertellspe,LOC,1622,1633
Dokument 14,Postcheck,PER,169,178
Dokument 14,Personen-schiffahrtsgeschäft,LOC,640,669
Dokument 14,P.S.Diese drei Schiffe,MISC,820,843
Dokument 14,Ver-kehr Basel -,LOC,859,876
Dokument 14,Rheinfelden,LOC,877,888
Dokument 14,Sonntagenwerden,LOC,913,929
Dokument 14,Personen-./.2,LOC,1270,1286
Dokument 14,"Basler Personenschiffahrts-Gesellschaft,18.2.28.Basel.",ORG,1306,1362
Dokument 14,Kanal-schiffahrt,LOC,1693,1710
Dokument 14,Basler,LOC,1719,1725
Dokument 14,dieses Jahr 22 Motorkanalschiffe,MISC,1962,1994
Dokument 14,Personengeschäft,MISC,2216,2232
Dokument 14,Personen-geschäft,LOC,2297,2315
Dokument 14,Rhein- undKanalschiffahrt,LOC,2615,2641
Dokument 14,Personenschiffahrtauf dem,LOC,2730,2756
Dokument 14,"Basler Personenschiffahrts-Gesellschaft,18.2.28.Basel.",ORG,2969,3025
Dokument 14,Bootbleiben.,LOC,3270,3283
Dokument 14,Wirdürfen ruhig sagen,LOC,3387,3409
Dokument 14,Rheinfelden,MISC,3639,3650
Dokument 14,Fr. 7500.-.,PER,3695,3706
Dokument 14,Unterhaltdes Schiffes,LOC,3861,3883
Dokument 14,"Basler Personenschiffahrts-Gesellschaft,18.2.28.Basel.",ORG,4177,4233
Dokument 14,Schadenssummevon uns,PER,4339,4360
Dokument 14,während-der Dauer des Mietvertrages,MISC,4407,4443
Dokument 14,Gesellschaftgehörenden Landungsstege,LOC,4526,4563
Dokument 14,Rheinfelden,LOC,4790,4801
Dokument 14,Rheinfeldeninteressierten Rheinfelder Kreise,LOC,5451,5496
Dokument 14,Basler Personenschiffahrts-Gesellschaft.,ORG,5670,5710
Dokument 14,Zwischenstationenzu,MISC,5835,5855
Dokument 14,Basel,LOC,6192,6197
Dokument 14,unsnicht entschliessen,LOC,6394,6417
Dokument 14,Basler Hafengebiet,LOC,6468,6486
Dokument 14,Sulzer-Kreuzkopfmotorensind,LOC,6620,6648
Dokument 14,"Basler Personenschiffahrts-Gesellschaft,18.2.28.Basel.",ORG,7228,7284
Dokument 14,Schiffbau-Industriedes Rheingebietes,MISC,7323,7360
Dokument 14,Unterhaltskostenwesentlich vermindern.,LOC,7507,7546
Dokument 14,unsnicht entschliessen,MISC,7582,7605
Dokument 14,Kaufspreis,MISC,7613,7623
Dokument 14,Besprechungden Wunsch ausgesprochen,MISC,8118,8154
Dokument 15,1523.Februar,MISC,0,13
Dokument 16,Basler Rheinschiffahrt A.-G.Basel.,ORG,40,75
Dokument 16,Schiffes.,MISC,426,435
Dokument 17,Schreiben,MISC,333,343
Dokument 17,Personenschiffahrtsind,LOC,1083,1106
Dokument 17,Erträgnis.,LOC,1273,1283
Dokument 17,Rheinschiffahrt,LOC,1308,1323
Dokument 17,Basel,LOC,1374,1379
Dokument 17,Rheinfelden,LOC,1382,1393
Dokument 17,"oftt2Basler Personenschiffahrtsgesellschaft, B asel.",LOC,1399,1453
Dokument 17,"Schiffes""Rheinfelden""",MISC,1568,1590
Dokument 17,Wirdürfen vielleicht,LOC,1694,1715
Dokument 17,Rheinschiffahrtsozusagen,LOC,1800,1825
Dokument 17,Schiffsmieteeigentlich,MISC,1863,1886
Dokument 17,Frachtengeschäftin der Rheinschiffahrt,LOC,1916,1955
Dokument 18,18Basel,MISC,0,8
Dokument 18,"Basler Rheinschiffahrt A.G.,Basel.",ORG,40,75
Dokument 18,Schreibensvom 1.ds.,MISC,111,131
Dokument 18,Vorstands-Sitzung,LOC,213,231
Dokument 19,19BaslerBasel,MISC,0,15
Dokument 19,"Herrn Christ, Vicepräsident",PER,415,442
Dokument 19,Oettinger,PER,453,462
Dokument 19,Gesellschaft,LOC,554,567
Dokument 19,LageIhrer Gesellschaft,LOC,620,643
Dokument 19,Gesellschaft eineMiete,ORG,748,771
Dokument 19,Rhein-felden,LOC,876,889
Dokument 19,Rheinfelden,MISC,1035,1046
Dokument 19,drei Jahre alt,MISC,1095,1109
Dokument 19,Waldhaus./.2 -,LOC,1394,1411
Dokument 19,Basler Personenschiffahrtsgesellschaft,LOC,1431,1470
Dokument 19,BankschuldenIhrer Gesellschaft,MISC,1597,1628
Dokument 19,Rheinfelder Vertragskontrahenten,MISC,1935,1967
Dokument 19,Schiffahrtnach Rheinfelden,LOC,2031,2058
Dokument 19,Gesellschaft im Jahre 1927,ORG,2121,2147
Dokument 19,Rheinfeldens,LOC,2233,2245
Dokument 19,Rheinfelden,LOC,2476,2487
Dokument 19,Fr. 2.-,PER,2572,2580
Dokument 19,Rheinfelden,LOC,2588,2599
Dokument 19,InteressenRheinfeldens,LOC,2629,2652
Dokument 19,Personen-schiffahrtsbetrieb,LOC,2689,2717
Dokument 19,weitgehendstenMasse,LOC,2751,2771
Dokument 19,Rheinfelden,LOC,2781,2792
Dokument 19,Basel,LOC,2848,2853
Dokument 19,Berechtigungskarte,ORG,2984,3002
Dokument 19,Basler,LOC,3059,3065
Dokument 19,Basel,LOC,3181,3186
Dokument 19,Rheinfelden,LOC,3189,3200
Dokument 19,Genossen-schafter,LOC,3219,3237
Dokument 19,unsernDienst,LOC,3392,3405
Dokument 19,Personalabgeschlossenen Verträge,LOC,3448,3481
Dokument 19,Per-sonal,LOC,3571,3581
Dokument 19,Anbe-ginn,PER,3950,3960
Dokument 19,Genossenschaftskapital,LOC,3968,3990
Dokument 19,Basel,LOC,4445,4450
Dokument 19,Basler Personenschiffahrtsgesellschaft,LOC,4601,4640
Dokument 19,reb easb,ORG,5216,5224
Dokument 19,ILel,LOC,5226,5230
Dokument 19,etlios,PER,5307,5314
Dokument 19,todegna leans ledö,PER,5410,5428
Dokument 19,aebnatetoV,MISC,5429,5439
Dokument 19,IIsk,LOC,5475,5479
Dokument 19,neb,ORG,5480,5483
Dokument 19,ettäd nesaelfnoaed sedes netdolrdos.,PER,5539,5576
Dokument 20,200/H.24. März 1928.,MISC,0,22
Dokument 20,"Rheinschiffahrt A.-3.,Basel.",LOC,46,75
Dokument 20,Zeich-nungsberechtigten,PER,355,379
Dokument 20,beschlessen,LOC,465,476
Dokument 20,Genessenschaftskapital,LOC,585,607
Dokument 20,Schweizerhall,LOC,889,902
Dokument 20,Servitut,ORG,957,965
Dokument 20,Oberrhein,LOC,1014,1023
Dokument 20,weiterefreie Benützung,LOC,1028,1051
Dokument 20,Erwiezenermassenbilden,PER,1237,1259
Dokument 20,Anschluss,MISC,1472,1481
Dokument 20,General-versammlungen,LOC,1489,1511
Dokument 20,Basel-Kheinfelden,LOC,1574,1591
Dokument 20,"Gesellschaft für den Fall einer Wiederveräusserungdes Schiffes ""Rheinfelden"" das Verkaufsrecht",ORG,1749,1844
Dokument 21,Rheinschiffahrt A.-C.Basel.,LOC,43,71
Dokument 21,"Rheinfelden,der Kur- und Verkehrsverein Rheinfelden",LOC,267,319
Dokument 22,gefl.,LOC,386,391
Dokument 22,neb,ORG,530,533
Dokument 22,Leasg1olasdiledoalleaogneibl A-JudsllidoeniedNC,PER,535,585
Dokument 22,reb HI,PER,742,748
Dokument 22,.Iieg,MISC,835,840
Dokument 22,Basel,LOC,1200,1205
Dokument 22,Rheinfelden,LOC,1375,1387
Dokument 22,Basler Personenschiffahrtsgesell-schaft,LOC,1482,1522
Dokument 22,Rheinfelden,MISC,1556,1567
Dokument 22,unsangebotenen Preis,PER,1704,1725
Dokument 22,Risi-ko,MISC,1849,1857
Dokument 22,Basel,LOC,1957,1962
Dokument 22,Rheinfelden.,LOC,1967,1979
Dokument 22,Basler Per-sonenschiffahrtsgesellschaft,ORG,2011,2051
Dokument 22,Basel,LOC,2167,2172
Dokument 22,Rheinfelden.,LOC,2177,2189
Dokument 22,Stadt Rheinfelden,LOC,2296,2313
Dokument 22,Personenschiffahrts-./.2 -Rheinfeldon.,LOC,2321,2362
Dokument 22,BaslerPersonenschiffahrtsgesellschaft,MISC,2445,2483
Dokument 22,"SchiffesRheinfelden"" an uns",LOC,2508,2536
Dokument 22,Schiffspark,LOC,2625,2636
Dokument 22,Kheinfelden,LOC,2671,2682
Dokument 22,Masseaufrecht,MISC,2774,2788
Dokument 22,Rhein-felden,LOC,3024,3037
Dokument 22,Personen-schiffahrt,MISC,3207,3227
Dokument 22,Rheinfelden,LOC,3233,3244
Dokument 22,Rheinfelden,MISC,3310,3321
Dokument 22,Vogel Cryff,MISC,3360,3371
Dokument 22,Rheinfolden weiterpflegen,LOC,3678,3704
Dokument 22,BaslerPersonenschiffahrtsgesellschaft,ORG,3827,3865
Dokument 22,"Schiffes""Rheinfelden"" an uns",MISC,3882,3911
Dokument 22,Verkehrsbe-ziehungen,LOC,4068,4089
Dokument 22,Shein,LOC,4098,4103
Dokument 22,Basel,LOC,4113,4118
Dokument 22,Rheinfeldenmöglichst,LOC,4123,4144
Dokument 22,Rheinfelden,LOC,4182,4193
Dokument 22,dieses Jahr,MISC,4219,4230
Dokument 22,Basel.,LOC,4552,4558
Dokument 23,2BaslerBasel,MISC,0,14
Dokument 23,Oettinger,PER,490,499
Dokument 23,Genossenschaftskapital,LOC,777,799
Dokument 23,Jahredie Vergünstigung,MISC,845,868
Dokument 23,Basel,LOC,954,959
Dokument 23,Rhein-felden,LOC,965,978
Dokument 23,"Boot""Rhein-felden""",LOC,1038,1057
Dokument 23,Anschluss,MISC,1136,1145
Dokument 23,Generalversamm-lung,LOC,1153,1173
Dokument 23,Basel,LOC,1178,1183
Dokument 23,Rheinfelden,LOC,1189,1200
Dokument 23,Vorkaufs-recht,LOC,1392,1407
Dokument 23,Personen-schiffahrtsgesellschaft,LOC,1609,1642
Dokument 23,Basel,LOC,1692,1697
Dokument 23,Oettinger,PER,2031,2040
Dokument 24,21Basel,PER,0,8
Dokument 24,Rheinfelden,MISC,234,245
Dokument 24,Anschluss,MISC,374,383
Dokument 24,Basel,LOC,414,419
Dokument 24,Falleiner Wiederveräusserung des Schiffes,MISC,490,532
Dokument 24,Bezu-ge eines Freibillets,LOC,616,642
Dokument 24,trotz-dem bereit,PER,755,772
Dokument 24,Basler,LOC,944,950
Dokument 24,Basel,LOC,1429,1434
Dokument 24,ab-geben,LOC,1448,1457
Dokument 24,Generalversamm-lung verschieben.,LOC,1888,1921
Dokument 25,Per-sonenschiffahrtsgeschäft,LOC,762,791
Dokument 25,Bestehen-bleiben Ihrer Gesellschaft,LOC,1204,1240
Dokument 25,Rheinfelden,LOC,1426,1437
Dokument 25,Rheinfelden,LOC,1961,1972
Dokument 25,gesunderGrundlage,LOC,1992,2010
Dokument 25,"Gesellschaft bestehenbleibt, die von uns",ORG,2104,2145
Dokument 26,20Basel,MISC,0,8
Dokument 26,allgemeinenmit dem Entwurfe,LOC,237,265
Dokument 26,Brem-stoffbunkerung,LOC,673,693
Dokument 26,Landungsstege,MISC,807,820
Dokument 26,Waldhaus,LOC,855,863
Dokument 26,Basler,LOC,1273,1280
Dokument 26,Personenschiff-fahrt,LOC,1387,1408
Dokument 27,Basel,LOC,231,237
Dokument 27,unswie,PER,298,305
Dokument 27,Rhein,LOC,413,418
Dokument 27,Baselland,LOC,442,451
Dokument 27,"Aus-""weise vorzulegen.",LOC,586,609
Dokument 28,te¬lephonisch,LOC,108,122
Dokument 28,Vertragsentwurfs angefragt.,MISC,133,160
Dokument 28,Basel-Stadt,LOC,285,296
Dokument 28,Rheinfolden3,LOC,305,318
Dokument 28,Schroiben dos Polizeinspektorats Basel,LOC,322,360
Dokument 28,F.Buess Sissach,PER,425,440
Dokument 28,Vorbehaltscopie,PER,447,463
Dokument 28,Vorbehaltscopie5),PER,497,515
Dokument 28,Baselland,LOC,545,554
Dokument 28,unseronAkten,LOC,570,583
Dokument 28,Basel¬land,PER,636,647
Dokument 28,Basel-Stadt,LOC,668,679
Dokument 28,Nagegen,LOC,713,720
Dokument 28,Hargau,LOC,748,754
Dokument 28,jadoch,LOC,851,857
Dokument 28,eino Absshrift,PER,878,892
Dokument 28,Basel,LOC,1283,1289
Dokument 28,Basel,LOC,1400,1406
Dokument 28,Basler,LOC,1420,1426
Dokument 28,Fr.105.864.65 einhundertfünftausendachthundertvierundsechzigFranken,PER,1619,1687
Dokument 28,LandungsstegeBreite,MISC,1764,1784
Dokument 28,nächstenfünf Jahre weder,MISC,2738,2763
Dokument 28,Basel,LOC,2767,2772
Dokument 28,Personenschiffahrt,LOC,2787,2805
Dokument 28,Basel,LOC,2974,2979
Dokument 28,Personenschiffahrttreibt,LOC,2993,3018
Dokument 28,Basler,LOC,3410,3416
Dokument 28,juePartei,ORG,3612,3622
Dokument 28,Personen-schiffahrt,ORG,3841,3861
Dokument 28,Basel-Rheinfelden,MISC,3943,3960
Dokument 28,"Gesellschaft be-stehen bleiben, so stellt die Basler",ORG,4007,4060
Dokument 28,Basler,LOC,4268,4274
Dokument 28,schweizerischen,MISC,4436,4451
Dokument 28,Gerichtsstand des Vertrages,MISC,4483,4510
Dokument 28,Basel.,MISC,4515,4521
Dokument 29,29BaslerBasel,MISC,0,15
Dokument 29,"Max Oettinger, Verkehrsbureau,Bankverbindung: Schweizerischer Bankverein",PER,176,249
Dokument 29,Schreibensvom 25. ds.,MISC,302,324
Dokument 30,PersonenschiffahrtBasel-Rheinfeldengenerös,MISC,48,92
Dokument 30,Basler Perso¬Konkurrenz,ORG,168,192
Dokument 30,anhaltendnenschiffahrtsgesellschaft»,LOC,213,250
Dokument 30,Kriege,MISC,353,359
Dokument 30,ge¬im laufenden Jahre,MISC,371,393
Dokument 30,Basler,LOC,403,409
Dokument 30,Basel,LOC,460,465
Dokument 30,Basler Rheinschiffahrts¬Rheinfelden,LOC,494,530
Dokument 30,Rheinfelden,LOC,646,657
Dokument 30,BootesPreis,LOC,704,716
Dokument 30,Basler,LOC,967,973
Dokument 30,Personenschiffahrtkäufliche Ueberlassung des Bootes,LOC,1138,1190
Dokument 30,Allanzubieten,MISC,1250,1264
Dokument 30,Rheinfelden» ge,MISC,1435,1450
Dokument 30,Grundsatznun der Personenschiffahrtsbetrieb,LOC,1534,1578
Dokument 30,Basel,LOC,1582,1587
Dokument 30,Schweizerwoche-Verbandes voll¬privatwirtschaftlichen Geschäftsegoismus hinüber¬ständig in der Schweiz,ORG,1706,1809
Dokument 30,Schiffs¬gerutscht.,LOC,1832,1851
Dokument 30,In¬rumpf,LOC,1882,1891
Dokument 30,Augst,LOC,1995,2000
Dokument 30,Buss A.-G.mit ihr abfindet,ORG,2017,2044
Dokument 30,Gebr. Sulzer,ORG,2104,2116
Dokument 30,Win¬gen.,LOC,2120,2129
Dokument 30,mühungen,PER,2196,2204
Dokument 30,Per¬,MISC,2233,2238
Dokument 30,"Basler Rhein¬sonenschiffahrt,",LOC,2272,2302
Dokument 30,Geld¬in den,MISC,2428,2440
Dokument 30,Basler,LOC,2441,2447
Dokument 30,"mühe¬gerichtet,",PER,2528,2544
Dokument 30,Kanal¬los,LOC,2577,2587
Dokument 30,Hüningen,LOC,2647,2655
Dokument 30,Basler,LOC,2665,2671
Dokument 30,Hafenist,LOC,2672,2681
Dokument 30,be¬gen Fahrpreisen,LOC,2877,2896
Dokument 30,Fahrgelegenhei¬teiligt,MISC,2914,2937
Dokument 30,BasleiFr.,PER,3126,3136
Dokument 30,DeutschRheinschiffahrts-A.-G.,LOC,3173,3203
Dokument 30,über¬land,PER,3226,3236
Dokument 30,Per¬,MISC,3324,3329
Dokument 30,Bas¬ühren.,MISC,3468,3479
Dokument 30,Basler,LOC,3485,3491
Dokument 30,gün¬Fall,PER,3670,3679
Dokument 30,Personenschiff¬stigen,MISC,3710,3732
Dokument 30,selbst¬fahrtsverkehrs,PER,3766,3788
Dokument 30,Basler,LOC,3842,3848
Dokument 30,umsoschaft» in der Personenschiffahrt Basel—Rheinfel¬mehr,LOC,3920,3979
Dokument 30,Kembser Werkes,LOC,4100,4114
Dokument 30,Rheines,LOC,4203,4210
Dokument 30,Betriebs¬Neudorf,LOC,4258,4275
Dokument 30,Basler Eisenbahnbrücke,LOC,4284,4306
Dokument 30,"Bas¬gemeinschaft, d. h.",LOC,4310,4334
Dokument 30,ler Schiffahrtsbetrieb,PER,4363,4385
Dokument 30,Basler Rhein¬gen,LOC,4447,4464
Dokument 30,Personenschiffschiffahrts-A.-G.»,MISC,4498,4531
Dokument 30,unfahrtsbetrieb,LOC,4562,4578
Dokument 30,Betriebsgemein¬Schiffahrt,LOC,4652,4678
Dokument 30,Oberrhein»,LOC,4687,4697
Dokument 30,Personen¬schaft,ORG,4706,4722
Dokument 30,Konkurrenzierungschiffahrt,MISC,4747,4774
Dokument 30,Rhein¬des Bootes,MISC,4810,4827
Dokument 30,Vogelschiffahrt,MISC,4858,4874
Dokument 30,StromspiegelsGryff»,MISC,4899,4919
Dokument 30,da¬stets,LOC,4956,4965
Dokument 30,Kanalschiffahrt,MISC,5038,5053
Dokument 30,Per¬ungeahnten,MISC,5104,5119
Dokument 30,Kriege,MISC,5177,5183
Dokument 30,Köl¬983,MISC,5197,5205
Dokument 30,Hüningen,LOC,5225,5233
Dokument 30,Kanal¬ner Raddampfern,LOC,5243,5265
Dokument 30,Rhein,LOC,5311,5316
Dokument 30,wie¬subventioniert,LOC,5340,5359
Dokument 30,Baslerder zurückgeschleppt,LOC,5386,5413
Dokument 30,Personenschiffahrtsbetriebder «Basler Rheinschiffahrts-A.-G.,LOC,5567,5628
Dokument 30,Basler,LOC,5682,5688
Dokument 30,un¬,PER,5725,5729
Dokument 30,Rheinfelden,MISC,5842,5853
Dokument 30,"Schiffs¬3377,",LOC,6075,6089
Dokument 30,Septembeirestaurant.,LOC,6123,6144
Dokument 30,"HilfsbootFr. 39,443.—,",LOC,6220,6243
Dokument 30,Fr.Albatros,PER,6276,6288
Dokument 30,Verkaufssümme er¬im August 380,MISC,6358,6389
Dokument 30,ganzenaubt,LOC,6415,6426
Dokument 30,Ge¬wurden,MISC,6466,6476
Dokument 30,MonaterR. FJ.nossenschaftskapitals.,MISC,6509,6547
Dokument 30,Kehler,LOC,6681,6688
Dokument 30,BinnenwasserstrassenHafens,LOC,6696,6723
Dokument 30,Freiburger,MISC,6757,6767
Dokument 30,Strassburger,MISC,6817,6829
Dokument 30,schwei¬,LOC,6885,6893
Dokument 30,Rheinschiffe untezerische Rheinstrecke,MISC,6932,6971
Dokument 30,Basel,LOC,6976,6981
Dokument 30,Kantontlen Kehler Rheinbrücken,LOC,7001,7032
Dokument 30,Basel,LOC,7062,7068
Dokument 30,Rheinschiffahrtsdirekbestimmte Schiffe,MISC,7105,7144
Dokument 30,eidgenWeiterfahrt,LOC,7234,7252
Dokument 30,StrassburgerPolitischen Departement,LOC,7286,7322
Dokument 30,RheinschiffahrtsBaden,LOC,7450,7472
Dokument 30,Reich,LOC,7481,7486
Dokument 30,Kehler Hafens,LOC,7501,7514
Dokument 30,Badischenschweizerische Rheinstrecke,LOC,7626,7663
Dokument 30,Kehl,LOC,7709,7713
Dokument 30,Rhein¬Sinngrün,LOC,7804,7819
Dokument 30,Karlsruhe,MISC,7824,7833
Dokument 30,über¬brücke,LOC,7863,7875
Dokument 30,Basel,LOC,7879,7884
Dokument 30,Rhein¬wird das Polizeidepartement,LOC,7981,8015
Dokument 30,eidem Rhein,PER,8207,8219
Dokument 30,Rheinbrückeein klares Bild,LOC,8254,8281
Dokument 30,"Aussichten,aufwärts",LOC,8310,8330
Dokument 30,vorzulegendie uns,LOC,8353,8371
Dokument 30,Strassburger Hafens,LOC,8397,8416
Dokument 30,Rhein,LOC,8447,8452
Dokument 30,Breisach,LOC,8456,8464
Dokument 30,Rheins,LOC,8506,8512
Dokument 30,Breisach,LOC,8541,8549
Dokument 30,badischen,MISC,8721,8730
Dokument 30,Reiches.,LOC,8751,8759
Dokument 30,Breisach,LOC,8796,8804
Dokument 30,grossefür Fracht- und Personendampfer,ORG,8875,8913
Dokument 30,Breisacher,LOC,9008,9018
Dokument 30,Kehl,LOC,9137,9141
Dokument 30,Freiburger,MISC,9188,9198
Dokument 30,Breis¬dem schmalen Streifen,LOC,9221,9249
Dokument 30,Rhein,LOC,9259,9264
Dokument 30,Kinzigbogen,LOC,9269,9280
Dokument 30,Strassburg,LOC,9501,9511
Dokument 30,zweitbedeutendsteschliessung,LOC,9533,9562
Dokument 30,miMöglichkeit der Gewinnung,LOC,9658,9686
Dokument 30,Indudem der Seehäfen,MISC,9710,9731
Dokument 30,Kehl,LOC,9792,9796
Dokument 30,aberverkehr hinzurechnet,LOC,10060,10085
Dokument 30,Rhein,LOC,10209,10214
Dokument 30,Tonnerdes,LOC,10223,10233
Dokument 30,Kehler Hafens.,LOC,10234,10248
Dokument 30,Petroleun,MISC,10297,10307
Dokument 30,Talwärts,PER,10381,10389
Dokument 30,der¬Tonnen Eisenprodukte,LOC,10589,10614
Dokument 30,Koh¬Was,LOC,10691,10699
Dokument 30,Kanalverkehr,ORG,10704,10716
Dokument 30,JahreSchleuse,LOC,10793,10807
Dokument 30,Im Jahre 1927,MISC,10860,10873
Dokument 30,Millio¬Inneren,LOC,10904,10919
Dokument 30,Friedensvom Inneren,LOC,11019,11039
Dokument 30,Durcljahren,LOC,11073,11085
Dokument 30,JahreSchleuse 85,LOC,11133,11150
Dokument 30,Rhein—Rhone-Kanals,MISC,11155,11173
Dokument 30,alsoKanalschiffe,PER,11249,11266
Dokument 30,Mülhausen,LOC,11279,11288
Dokument 30,Karls¬ladene Kanalschiffe,MISC,11599,11625
Dokument 30,Hüninger Schleuse,LOC,11630,11647
Dokument 30,Karlsruher98 leere,LOC,11822,11842
Dokument 30,Konkurrenz-Hafen,MISC,11930,11946
Dokument 30,"Rhein¬Strassburg,",LOC,12001,12019
Dokument 30,Kehl,PER,12025,12029
Dokument 30,ganhafens,LOC,12059,12069
Dokument 30,Umschlagseinrichtun¬unter deutscher Verwaltung,LOC,12101,12148
Dokument 30,Reiclgen,LOC,12172,12181
Dokument 30,"750,000 Mark",PER,12255,12267
Dokument 30,Kinzig,LOC,12393,12399
Dokument 30,wa¬Vorlage,LOC,12409,12420
Dokument 30,Bahnholin Betracht,LOC,12517,12536
Dokument 30,BauAm 13. März,LOC,12666,12681
Dokument 30,Strassburgerdurch Krieg,LOC,12709,12733
Dokument 30,Pont d’Anvers,LOC,12814,12827
Dokument 30,Hafen zufriedenstellencist,LOC,12913,12940
Dokument 30,lokalenSchiffsmeldedienst,LOC,12990,13016
Dokument 30,Karlsruher Hafenmün¬Handel,LOC,13030,13057
Dokument 30,Maxau-Maximiliansauer Schiffsbrücke.,LOC,13122,13158
Dokument 30,er¬Badische Rheinbauamt,MISC,13216,13240
Dokument 30,Mannheim,LOC,13241,13249
Dokument 30,d'entrepôt,PER,13303,13313
Dokument 30,holländi25. März,MISC,13327,13344
Dokument 30,Rheinschiff¬schen Häfen,LOC,13382,13406
Dokument 30,Karlsruher,MISC,13517,13527
Dokument 30,Stichkanals,LOC,13528,13539
Dokument 30,Kehler Hafens,LOC,13564,13577
Dokument 30,laufen¬Schiffbrücke Maxau,LOC,13593,13619
Dokument 30,Kehler Hajedes den Stichkanal,LOC,13710,13740
Dokument 30,Maxau,LOC,13753,13758
Dokument 30,Fahrfens,LOC,13771,13780
Dokument 30,Strassburger Hafen,LOC,13785,13803
Dokument 30,Zollwärter,LOC,13849,13859
Dokument 30,Stichkanal,LOC,13863,13873
Dokument 30,Schiffbrücke,LOC,13881,13894
Dokument 30,badischen,MISC,13897,13906
Dokument 30,Be¬,LOC,13947,13951
Dokument 31,tBasel,PER,0,7
Dokument 31,"Max Vischer,Bankverbindung: Schweizerischer Bankverein",PER,175,230
Dokument 31,Rheinquellen,MISC,279,291
Dokument 31,Äenderungen,MISC,321,332
Dokument 31,PersonenschiffahrtBasel,LOC,340,364
Dokument 31,Jean Richard Frey,PER,423,440
Dokument 31,messenwir,LOC,1125,1135
Dokument 32,R/MAbschrift.,MISC,0,14
Dokument 32,"Vereins für die Schiffahrt auf demOberrhein,Basel.",ORG,117,169
Dokument 32,Rheinquellen,ORG,182,194
Dokument 32,Jean RichardFrey,PER,705,722
Dokument 33,W. Stauffacher,PER,82,96
Dokument 33,Vereins.,ORG,116,124
Dokument 33,"Die Rheinquellen""Ihr",MISC,176,197
Dokument 33,No,LOC,312,314
Dokument 34,4BaslerBasel,MISC,0,14
Dokument 34,BeilageAufstellung Jhres Guthabens,LOC,323,358
Dokument 34,Basel,LOC,455,460
Dokument 34,AktiengesellschaftrPortelestrBeilageHlan10.5.28.Basler PersonenschiffahrtsgesellschaftBasel,LOC,549,646
Dokument 34,l0x,PER,910,913
Dokument 34,Jhren GunstenoUrnasol.,PER,1101,1124
Dokument 35,7Basel,MISC,0,7
Dokument 35,AktiengesellschaftMarktgasse 5Basel.,LOC,44,82
Dokument 35,Basel,LOC,176,181
Dokument 35,Vart,PER,205,209
Dokument 36,ABSCHRIFT,LOC,0,10
Dokument 36,"Baselheimgekehrt,",LOC,119,137
Dokument 36,Herrn JeanRichard Frey,PER,204,227
Dokument 36,Zeit,MISC,555,559
Dokument 37,37den 24. Mai8.Herrn Dr.R. Speich,LOC,0,36
Dokument 37,"Basler Rhein-schiffahrt A,-G.Schweiz",LOC,51,89
Dokument 37,BankvereinBase lSehr geehrter Herr Dr. Speich.,LOC,91,139
Dokument 37,Rhein-quellen,LOC,366,380
Dokument 37,JeanRichard Frey,PER,412,429
Dokument 37,Personen-schiffahrt Basel-Rheinfelden,MISC,451,489
Dokument 37,Aus-führungen des Herrn Frey,LOC,639,668
Dokument 37,materiellenInhalt,MISC,721,739
Dokument 37,Bezishungen,LOC,843,854
Dokument 37,Ge-sellschaft,LOC,863,877
Dokument 37,Basler Rheinschiffahrt A.-G.lieber,LOC,885,920
Dokument 37,"SchiffesKheinfelden"" und unserer Landungsstege",MISC,995,1042
Dokument 37,gewewäre,PER,1271,1280
Dokument 37,Herrn Frey,PER,1526,1536
Dokument 37,Generalversamm-lung unserer Gesellschaft,MISC,1578,1619
Dokument 37,Herrn Freynie,PER,1668,1682
Dokument 37,Basler Rheinschiffahrt A.-G.,ORG,1739,1767
Dokument 37,Tatsachen.,LOC,1926,1936
Dokument 37,Vereinfür die Schiffahrt,ORG,2097,2122
Dokument 37,Oberrhein,LOC,2131,2140
Dokument 37,Ihnenund,ORG,2230,2239
Dokument 37,Schweizerischen Bankverein,ORG,2244,2270
Dokument 37,Miss-kredit,LOC,2274,2286
Dokument 37,Sekretärsdieses Vereins,MISC,2355,2379
Dokument 38,Werner StauffacherPräsident,PER,40,68
Dokument 38,Vereins für die Schiffahrtauf dem OberrheinBaselSehr geehrter Herr.,ORG,73,143
Dokument 38,Basler Rhein-schiffahrt A.-G.,LOC,353,383
Dokument 38,mir erklårt,PER,564,575
Dokument 38,Schweizerische Bankverein,ORG,609,634
Dokument 38,Vereinfür die Schiffahrt auf dem Oberrhein,ORG,650,693
Dokument 38,Vereinsfür die Schiffahrt,ORG,771,797
Dokument 38,Oberrhein,LOC,806,815
Dokument 38,SchweizerischeBankverein,ORG,820,845
Dokument 38,Herrn Groschupf,PER,974,989
Dokument 38,Herrn Dr. Speichbei.,PER,1095,1116
Dokument 39,Max VischerSt. Albangraben,PER,83,110
Dokument 39,Basler Rhein-schiffahrt,LOC,302,326
Dokument 39,J.R.Frey,PER,463,471
Dokument 39,Basler Rhein-schiffahrt A.G.,LOC,540,569
Dokument 39,Personenschiffahrtsgenossenschaft,LOC,648,682
Dokument 39,Ueber-zeugung,MISC,742,756
Dokument 39,Personenschiffahrts-genossenschaft,ORG,791,826
Dokument 39,Frey,PER,1034,1038
Dokument 39,Personen-schiffahrtsgenossenschaft,ORG,1234,1269
Dokument 39,Herrn Frey.,PER,1364,1375
Dokument 39,Basler Rhein-schiffahrt,LOC,1420,1444
Dokument 39,Basler Rheinschiffahrt A.G.,ORG,1642,1669
Dokument 39,über-nommenen,LOC,1866,1880
Dokument 39,Personenschiffahrtsgenossenschaft,MISC,1952,1985
Dokument 39,Angriffegegenüber der Basler Rheinschiffahrt A.G.,LOC,1992,2042
Dokument 39,Herr Freydarüber Rechenschaft,PER,2118,2148
Dokument 39,Personenschiffahrts-genossenschaft,ORG,2294,2329
Dokument 39,Basler Rheinschiffahrt A.G.,ORG,2410,2437
Dokument 39,GrüssenIhr  d. Seled,MISC,2524,2546
Dokument 40,"Max Vischer,idoen",PER,184,202
Dokument 40,Basler Rheinschiffahrt A.G.,ORG,466,493
Dokument 40,Jud=11102 alt,PER,564,577
Dokument 40,Briefesvom 3. Mai,MISC,617,635
Dokument 40,Basler Rheinschiffahrt,LOC,640,662
Dokument 40,doleder Antwort,LOC,697,714
Dokument 40,Herrn Frey,PER,719,729
Dokument 40,"Rheinquellenalelenolodieselbe aufnehmen,",MISC,904,947
Dokument 40,Groschupf,PER,1048,1057
Dokument 40,Brief0n02010 1eh,MISC,1134,1151
Dokument 40,Contro-eol1deaiol nidioverse,LOC,1340,1373
Dokument 40,edes baudLau111gen,PER,1451,1473
Dokument 40,Herrn Frey,PER,1496,1506
Dokument 40,Zwecklose,PER,1764,1773
Dokument 40,meineSympathie,PER,1808,1823
Dokument 40,Herr Frey,PER,1844,1853
Dokument 40,Rheinquellen,MISC,1883,1895
Dokument 40,Cempagne,LOC,1932,1940
Dokument 40,Oberrhein,LOC,2181,2190
Dokument 40,Bankvereinsnov,LOC,2274,2289
Dokument 40,Herrn Groschupf,PER,2672,2687
Dokument 41,W. StauffacherPräsident,PER,30,54
Dokument 41,Vereins für dieSchiffahrt,ORG,59,85
Dokument 41,OberrheinBaselKluserstrasse,LOC,94,123
Dokument 41,Herrn Frey,PER,256,266
Dokument 41,Befriedigungfest,MISC,324,341
Dokument 41,Basler Rheinschiffahrt-Aktiengesell-schaft,LOC,750,793
Dokument 42,AUSERSTUS,ORG,0,9
Dokument 42,Max Vischer.,PER,51,63
Dokument 42,Herrn Dr. Speich,PER,190,206
Dokument 42,Schif-fahrt,LOC,402,414
Dokument 42,Oberrhein,LOC,423,432
Dokument 43,SchiffsbriefAlbatros,LOC,267,288
Dokument 43,gelösch-te Schiffsverschreibung,LOC,375,407
Dokument 43,Gunstender Basler Transport-Versicherungs-Gesellschaft.,LOC,427,483
Dokument 44,G1918138,LOC,0,10
Dokument 44,geschiebefüh¬,LOC,114,128
Dokument 44,Stromsohle,PER,198,208
Dokument 44,Fb,LOC,403,405
Dokument 44,durchschnittlicheAbb. 3jährliche Weg der,LOC,472,514
Dokument 44,Ge,MISC,699,702
Dokument 44,Querschnittes,LOC,861,874
Dokument 44,schraffiertenganzen Geschiebebewegung.,MISC,1081,1120
Dokument 44,ErosionsstreckeUmhüllungskurve,LOC,1128,1159
Dokument 44,wedes Querschnitts,LOC,1384,1403
Dokument 44,Höhen¬sentlichen,LOC,1430,1447
Dokument 44,Stromachse zusammenfallend,LOC,1456,1482
Dokument 44,GeschiebeFür,LOC,1674,1687
Dokument 44,Kies,LOC,1725,1730
Dokument 44,Det—bankwanderung vorkommtwärtsbewegung der Geschiebebänke,LOC,1796,1857
Dokument 44,Uebereinstim—enheimfesten Kernes,LOC,1897,1932
Dokument 44,Kolk,PER,2245,2249
Dokument 44,QuerschnittsKiesbank,LOC,2291,2312
Dokument 44,werderaufnahmen,LOC,2346,2362
Dokument 44,"festedargestellt,",LOC,2443,2461
Dokument 44,KilometerKern,LOC,2489,2503
Dokument 44,Querdes Stromes,LOC,2538,2554
Dokument 44,Erosionsstrecke.,LOC,2613,2629
Dokument 44,FlächeDie Untersuchungen über das Wandern,LOC,2672,2714
Dokument 44,Gedes festen Kerns,LOC,2719,2738
Dokument 44,Breisach,LOC,2836,2844
Dokument 44,Sondernheim,LOC,2874,2885
Dokument 44,Fa/Fb,MISC,2933,2938
Dokument 44,Niederwas,LOC,3000,3010
Dokument 44,Geschiebebänkeschnittliche,LOC,3193,3220
Dokument 44,Geschiebebänke je¬,LOC,3239,3258
Dokument 44,wähPersonenschiffahrt,LOC,3409,3431
Dokument 44,BaselAenderungen,LOC,3435,3452
Dokument 44,BeWir,MISC,3517,3523
Dokument 44,Personengeschäft GeleSie behaupten in Ihrem Artikel,MISC,4153,4205
Dokument 44,wörtlichgesellschaft,ORG,4267,4288
Dokument 44,Betriebsgemein¬....,MISC,4317,4337
Dokument 44,Erwerbsgesellschaft,LOC,4372,4392
Dokument 44,Irverdienen.,PER,4560,4573
Dokument 44,Basler,LOC,4581,4587
Dokument 44,Ihnerder gleichen Lage,PER,4677,4700
Dokument 44,Basler PersonenschiffPersonenbeförderungsgeschäft,LOC,4776,4826
Dokument 44,Die¬Schiffahrtsgeschäft,LOC,5096,5120
Dokument 44,Personenbefördeselboot «Vogel Gryff»,LOC,5144,5181
Dokument 44,Internationalen Ausstellung fürlung,ORG,5299,5335
Dokument 44,ganze...,LOC,5494,5503
Dokument 44,Zusammen¬der Art,MISC,5657,5674
Dokument 44,Rheinfelden,MISC,5736,5747
Dokument 44,Ab¬sind wir,MISC,5771,5783
Dokument 44,Perso¬machungen treffen.,LOC,5822,5847
Dokument 44,Rheinfelden,MISC,5858,5869
Dokument 44,Personenschiffahrt,MISC,5944,5963
Dokument 44,BesprechunWährend,PER,6481,6499
Dokument 44,Genügegen,LOC,6536,6546
Dokument 44,Personenschiffahrtsgesellschaft,MISC,6666,6697
Dokument 44,PräsidenPersonenschiffahrtsgesellschaft,MISC,6826,6866
Dokument 44,Be¬Schweizer Schleppschiffahrtsgenossenschaft,ORG,6980,7026
Dokument 44,Indienst¬teiligten,LOC,7036,7055
Dokument 44,Vogel Gryff»,MISC,7088,7100
Dokument 44,SchifRheinfelden»,LOC,7160,7178
Dokument 44,"Internationalen Ausstellung fürAlbatros», alles in der Absicht, uns",ORG,7191,7259
Dokument 44,Basel,LOC,7325,7330
Dokument 44,Personenschiffahrtsgesellschaft,MISC,7514,7545
Dokument 44,dieses Jahr,MISC,7590,7601
Dokument 44,Gesell¬Wir,MISC,7666,7677
Dokument 44,Rheinvie,LOC,8062,8071
Dokument 44,"Personenschifffelden,",MISC,8110,8132
Dokument 44,Strassburg,LOC,8161,8171
Dokument 44,Werbefahrtsgesellschaft,LOC,8177,8201
Dokument 44,auf¬tätigkeit,PER,8241,8255
Dokument 44,unmit der Ausstellung,PER,8354,8376
Dokument 44,Personen¬serm,ORG,8403,8417
Dokument 44,SBB,ORG,8480,8483
Dokument 44,Per¬,LOC,8904,8909
Dokument 44,Zeit,MISC,9053,9057
Dokument 44,Betriebsgemein1. Oktober,MISC,9235,9260
Dokument 44,Personen¬schaft,ORG,9296,9312
Dokument 44,Be¬des Schiffes,MISC,9491,9507
Dokument 44,Gesellschaft.,LOC,9750,9763
Dokument 44,Kon¬kleinen Kommission,LOC,9864,9887
Dokument 44,Herrenkurrenzierung,MISC,9919,9939
Dokument 44,Personenschiffahrtsgesellschaft,MISC,9944,9975
Dokument 44,unsvon,PER,9982,9989
Dokument 44,Fahrso,MISC,10150,10157
Dokument 44,unsamte Werbetätigkeit,PER,10318,10341
Dokument 44,gesam¬Konkurrenz,MISC,10612,10629
Dokument 44,Ge¬in jeder Beziehung bereit,LOC,10728,10757
Dokument 44,Personenschiffahrtsbetrieb,ORG,10857,10883
Dokument 44,Basel,LOC,10887,10893
Dokument 44,Personenschiffahrts¬,LOC,11314,11335
Dokument 44,Verschwinder....,LOC,11427,11444
Dokument 44,Vogel Gryff» infolgeHochachteneseiner,MISC,11801,11840
Dokument 44,Personen¬schiffahrt,LOC,12075,12095
Dokument 44,Erwiderungnicht zustande,MISC,12182,12207
Dokument 44,Basler,LOC,12223,12229
Dokument 44,Personenschiffahrtsdem sie u. E.,MISC,12312,12345
Dokument 44,schil¬gesellschaft,ORG,12383,12402
Dokument 44,VerständnisUm,LOC,12490,12504
Dokument 44,"Ein¬finden,",LOC,12614,12626
Dokument 44,Personenschiffahrtsgesell¬sendung,ORG,12654,12688
Dokument 44,Basler,LOC,12705,12711
Dokument 44,Internationalen Ausstellung,ORG,12766,12793
Dokument 44,Binene,PER,12798,12805
Dokument 44,Gesellschafaller Interessenten,LOC,12960,12991
Dokument 44,Rheinfelden,MISC,13115,13126
Dokument 44,Einsendung24. März,MISC,13305,13324
Dokument 44,Basler Rhein¬Weise,LOC,13427,13446
Dokument 44,BedingunVorschläge,LOC,13670,13689
Dokument 44,Basler,LOC,14023,14029
Dokument 44,Perso¬Am 29. März,LOC,14259,14277
Dokument 44,Pernenschiffahrtsgesellschaft» gehörenden Bootes,LOC,14316,14365
Dokument 44,fort,LOC,14557,14562
Dokument 44,"Be¬fahrtsgesellschaft»,",LOC,14867,14891
Dokument 44,Bereit¬dass,MISC,15042,15054
Dokument 44,Basler,LOC,15121,15127
Dokument 44,Auf¬Jebernahme,PER,15167,15182
Dokument 44,Personenschiffahrtsnahme,MISC,15208,15233
Dokument 44,per¬in die,LOC,15928,15939
Dokument 44,Baslersönlichen Gründen,LOC,15982,16006
Dokument 44,schroffem Toneaus Erfahrungsgründen.,PER,16093,16130
Dokument 44,Droh,MISC,16182,16187
Dokument 44,Verständigungsverhandlungen,LOC,16198,16225
Dokument 44,ge¬ungen,LOC,16237,16246
Dokument 44,Basler Rheinschiffahrts-A.-G.,MISC,16319,16348
Dokument 44,ge¬beide Gesellschaften,MISC,16415,16439
Dokument 44,Interrühmte Bereitwilligkeit,ORG,16470,16499
Dokument 44,Binnen¬irunde,LOC,16583,16597
Dokument 44,ge¬samen Schiffahrtsbetriebes,PER,16755,16785
Dokument 44,Rückennachten,LOC,16811,16825
Dokument 44,Perso¬der «Personenschiffahrtsgesellschaft,PER,16867,16910
Dokument 44,ab¬nenschiffahrtsgesellschaft» bewogen,LOC,16931,16970
Dokument 44,Defizites «Rheinfelden»,LOC,17047,17071
Dokument 44,Basler,LOC,17080,17086
Dokument 44,sonVertragsverhältnis,MISC,17170,17192
Dokument 44,Gesellschaft vorzuziehenderbarerweise,ORG,17204,17242
Dokument 44,Basler Rheinschiffahrts¬,LOC,17262,17287
Dokument 44,Basler Rheinschiffahrts-A.-G-,ORG,17432,17461
Dokument 44,StatistikAuf,LOC,17679,17692
Dokument 44,Binnenwasserstrassenaus der früheren einzelnen Rubrik,LOC,17697,17751
Dokument 44,Rubrikengeführt,LOC,17766,17782
Dokument 44,No.,MISC,17799,17802
Dokument 44,Petrol,ORG,17807,17813
Dokument 44,MineralStrassburgs Hafenverkehr,LOC,17826,17858
Dokument 44,eigentlicheölderivative.,LOC,17877,17902
Dokument 44,BenzirTonnen,PER,18055,18068
Dokument 44,Rhein,LOC,18312,18317
Dokument 44,Talwärts,PER,18459,18467
Dokument 44,Korr.,LOC,18541,18546
Dokument 44,Mannheim,LOC,18631,18639
Dokument 44,Kanalverkehr,MISC,18710,18722
Dokument 44,gan¬normal;,LOC,18779,18791
Dokument 44,Rhein—Rhone-Kanal,LOC,18807,18824
Dokument 44,Kanal¬en,LOC,18834,18843
Dokument 44,ganzenso,LOC,19004,19013
Dokument 44,Hüninger Schleuse,LOC,19139,19156
Dokument 44,Basel,LOC,19177,19182
Dokument 44,wedie Anfuhr,MISC,19477,19491
Dokument 44,"Berg54,523 Tonnen,sagen, dass die grosse Unerfahrenheit",LOC,19582,19639
Dokument 44,"Tal27,636 TonnenKriege",LOC,19666,19690
Dokument 44,Veckar,LOC,19742,19748
Dokument 44,Ta312,LOC,19752,19758
Dokument 44,"Pro¬196 Tonnen,Veckar zu Bergduktionsländern",LOC,19987,20034
Dokument 44,konkurrierenRhein,LOC,20065,20083
Dokument 44,"Tal31,315 Tonnen.",LOC,20087,20105
Dokument 44,Havre,LOC,20122,20127
Dokument 44,Marseille,LOC,20132,20141
Dokument 44,Der Umschlag von Schiff,MISC,20158,20181
Dokument 44,Havre,LOC,20225,20230
Dokument 44,Strassburg,LOC,20236,20246
Dokument 44,"Rhein7,360 TonnenTonne",LOC,20259,20283
Dokument 44,Amsterdam,LOC,20302,20311
Dokument 44,Eilgüterbooteauf dem,LOC,20316,20337
Dokument 44,"Neckar2,992",LOC,20338,20350
Dokument 44,Quantumsvon fünf Sack,LOC,20410,20432
Dokument 44,Zinsverlust,MISC,20434,20445
Dokument 44,Ware,LOC,20472,20477
Dokument 44,Rheineszeigt im ganzen Monat,LOC,20497,20527
Dokument 44,Mannheimer,LOC,20728,20738
Dokument 44,total1. Juli,LOC,20798,20811
Dokument 44,Antwerpen,LOC,20898,20907
Dokument 44,Niederwassers,LOC,20954,20967
Dokument 44,Mannheim,LOC,21066,21074
Dokument 44,Umladespesen,LOC,21120,21132
Dokument 44,Seedampfer,LOC,21137,21147
Dokument 44,RheinHeidelberg,LOC,21152,21168
Dokument 44,Rheinschiffahrt.,MISC,21287,21303
Dokument 44,Angriff,MISC,21403,21410
Dokument 44,Juni-Verkehr,MISC,21537,21549
Dokument 44,Strass,LOC,21553,21560
Dokument 44,StrassRheinschiffahrt,PER,21666,21688
Dokument 44,Versoll,LOC,21789,21797
Dokument 44,Petroten,MISC,22023,22032
Dokument 44,be¬Montagegerüst,PER,22139,22156
Dokument 44,Köln-Mülheimer Hängebrücke,LOC,22167,22193
Dokument 44,Rheinschiffahrt Petrol,ORG,22463,22485
Dokument 44,Schleuse 1,LOC,22535,22545
Dokument 44,Rhein¬Mineralölderivative,LOC,22550,22576
Dokument 44,zusammen¬Herne-Kanals,LOC,22603,22625
Dokument 44,Ueberholungsarbeiten,LOC,22647,22668
Dokument 45,VEREIN,ORG,0,6
Dokument 45,FUR,ORG,7,10
Dokument 45,ZEITSCHRIFT:„DIE RHEINQUELLEN.,MISC,184,215
Dokument 45,"Zeitschrift für Binnenschiffahrt, Wasserwirtschaftund Verkehrswesen.",MISC,216,285
Dokument 45,Bodensee,LOC,349,358
Dokument 45,"r. Max Vischer,Advokat & NotarBasel.",PER,601,638
Dokument 45,"Personenschiffahrtsge-sellschaft, die Sie uns s. Z.",LOC,735,787
Dokument 46,Verpflichtungzur Aufrechterhaltung der Schiffahrt im Jahre 1927.,MISC,448,513
Dokument 46,Rupprecht,PER,535,544
Dokument 46,Kur-àp;,ORG,640,647
Dokument 46,Kur- & Verkehrsverein Rheinfelden,ORG,733,766
Dokument 46,Basel,LOC,930,935
Dokument 46,Rheinfeldenmindestens,LOC,940,962
Dokument 46,Basler Personenschifffahrtsgesellschaft,ORG,989,1029
Dokument 46,Verbindungzu setzen.,LOC,1168,1189
Dokument 46,Ganeral-versammlung,MISC,1229,1249
Dokument 47,4Basel,MISC,0,7
Dokument 47,Basler Rheinschiffahrt A.G.Basel,ORG,35,69
Dokument 47,Basler Personenschiffahrts-gesellschaft,ORG,88,128
Dokument 47,Basel,LOC,132,137
Dokument 47,Kaiseraugst,LOC,268,279
Dokument 47,Rheinfelden,LOC,564,575
Dokument 47,Basler,LOC,602,608
Dokument 47,Trotzdem,LOC,834,843
Dokument 47,Kaiseraugst,LOC,860,871
Dokument 47,Zeit,MISC,893,897
Dokument 47,Rechts-weg,LOC,1175,1186
Dokument 47,Geschädigten-2-die Geltendmachung,MISC,1235,1270
Dokument 47,Sa a lllaeAlnjtl,LOC,1527,1545
Dokument 48,KEHL,ORG,66,70
Dokument 48,KARLSRUHE,MISC,73,82
Dokument 48,MANNHEIM,LOC,85,93
Dokument 48,KÖLN,LOC,96,100
Dokument 48,DUISBURG-RUHRORT,ORG,103,119
Dokument 48,ROTTERDAM,ORG,122,131
Dokument 48,ANTWERPEN,LOC,134,144
Dokument 48,"Gesprächzurückzukommen, das",MISC,296,324
Dokument 48,Herrn Schiff-bauingenieur,PER,406,432
Dokument 48,Personenschiffahrts-gesellschaft,ORG,519,552
Dokument 48,Kraftwerkes Kembs,LOC,577,594
Dokument 48,jetztvorhandene Schiffsmaterial,LOC,657,689
Dokument 48,Rheinfelden,LOC,763,774
Dokument 48,Kraftwerk Kembs,LOC,810,825
Dokument 48,Personenver-kehr,LOC,997,1014
Dokument 48,Frs 33.000.-betragende Genossenschaftskapital,LOC,1112,1158
Dokument 48,Personenschiffahrts-gesellschaft,ORG,1163,1196
Dokument 48,Baudes,LOC,1534,1541
Dokument 48,Bausummeist uns,LOC,1701,1717
Dokument 48,Basler Personenschiffahrtsgeschäftes,LOC,1957,1994
Dokument 48,Rheinfelden,LOC,2162,2173
Dokument 48,Basler Publikumd,ORG,2271,2287
Dokument 48,Verkürzungder Fahrzeit,LOC,2339,2362
Dokument 48,Rheinfelderstrandbad,LOC,2769,2789
Dokument 48,Strandbädleraufs Schiff,MISC,2897,2921
Dokument 48,ALBANGRABEN,MISC,3775,3786
Dokument 48,Baseleinerseitsund derBasler,LOC,3853,3884
Dokument 48,Baselandererseitsist,LOC,3920,3942
Dokument 48,Bedin-gungen:Das Darlohen,LOC,4236,4263
Dokument 48,Darlehenskapital,LOC,4451,4467
Dokument 48,"Festigkeits-dauer,",LOC,4622,4641
Dokument 48,BaslerRheinschiffahrt-Aktiengesellschaft,ORG,4865,4906
Dokument 48,Diesel-Motorschiffes,LOC,4924,4945
Dokument 48,Basel-Kembs,LOC,5012,5023
Dokument 48,Hypothe-kon,MISC,5288,5300
Dokument 48,Basler Personenschiffahrtsge-sellschaft,LOC,5438,5478
Dokument 48,Zeit des Darlehens,MISC,5616,5634
Dokument 48,Rhein-felden,LOC,5657,5670
Dokument 48,Basler Personenschiffahrtsgesell-schaft,ORG,5693,5733
Dokument 48,General-versammlungen,LOC,5909,5931
Dokument 48,Basler,LOC,5936,5942
Dokument 48,Rhein-felden,LOC,6044,6057
Dokument 48,Kembs/Istein,LOC,6068,6080
Dokument 48,Ap-pellationsgerichts Basel-Stadt,LOC,6794,6828
Dokument 49,49Base,LOC,0,7
Dokument 49,Mit bestem Danke,MISC,104,120
Dokument 49,7.ds.,LOC,172,177
Dokument 50,50DR.,MISC,0,6
Dokument 50,Lag titels,LOC,71,82
Dokument 50,Bn,LOC,189,192
Dokument 50,melle 1twit,MISC,454,466
Dokument 51,sei-ner Sitzung,LOC,217,233
Dokument 51,Personenschiffahrts-betriebes,LOC,516,546
Dokument 51,Mittei-lungen,MISC,756,770
Dokument 52,52,MISC,0,3
Dokument 52,MARKTGASSE,ORG,53,63
Dokument 52,Bankverein BaselBasel,ORG,161,183
Dokument 52,4.Oktober,MISC,189,198
Dokument 52,"Max Vischer,Advokat",PER,218,238
Dokument 52,Personenschiffahrtsgesellschaft,MISC,398,429
Dokument 52,Per-sonenschiffahrt,ORG,577,597
Dokument 52,Rheinfelden,LOC,610,621
Dokument 52,Rheinfelden,MISC,938,949
Dokument 52,bisherigenGeschwindigkeit,LOC,968,994
Dokument 52,Rheinfelden,LOC,1160,1171
Dokument 52,Rheinfelden,LOC,1327,1338
Dokument 52,Rheinweiler,LOC,1464,1475
Dokument 52,Rückfahrt2 -Basel,LOC,1491,1510
Dokument 52,"Max Vischer,dieses Bootes",PER,1531,1557
Dokument 52,Rheinfelden,LOC,1622,1633
Dokument 52,Nachmittagskursnach Rheinfelden,LOC,1709,1741
Dokument 52,Neuenburg,LOC,1875,1884
Dokument 52,Neuenburg,LOC,1905,1914
Dokument 52,Autoanschluss,LOC,1924,1937
Dokument 52,Badenweiler,LOC,1943,1954
Dokument 52,Möglich-keit,LOC,1980,1993
Dokument 52,Stadt Basel,LOC,2148,2159
Dokument 52,Gemeinde Rheinfelden,LOC,2181,2201
Dokument 52,Landungsstegesim Strandbad Rheinfelden.,LOC,2263,2303
Dokument 52,Rheinfelden,LOC,2367,2378
Dokument 52,"Passagierenund erwägen, ob",LOC,2396,2423
Dokument 52,Fahr-plankurs,LOC,2465,2479
Dokument 52,Rheinfelden,LOC,2514,2525
Dokument 52,Rhein-felden,LOC,2585,2598
Dokument 52,Gemeinde Rheinfelden,LOC,2821,2841
Dokument 52,Rheinfelden,LOC,2900,2911
Dokument 52,ins-besondere,LOC,3041,3055
Dokument 52,Oppositiongegen den,LOC,3161,3181
Dokument 52,Unterhandlung- 3 -Basel.,LOC,3270,3296
Dokument 52,"Max Vischer,über",PER,3316,3333
Dokument 52,Spillmannzu,LOC,3386,3398
Dokument 52,Rheinfeldenund der Verkehr,LOC,3450,3477
Dokument 52,Kembs,LOC,3483,3488
Dokument 52,Schiffesund,LOC,3674,3686
Dokument 52,Rheinfelden,MISC,3707,3718
Dokument 52,Fahrplanes,LOC,3757,3767
Dokument 52,Personen-schiffahrt.,LOC,3907,3928
Dokument 53,Basler Personenschiffahrts-gesellschaftBaseleeumebenpee,ORG,103,162
Dokument 55,VEREIN,ORG,0,6
Dokument 55,FUR,ORG,7,10
Dokument 55,BLUMENRAIN 32Basler Personenschiffahrtsgesellschaft,MISC,147,199
Dokument 55,"Max Vischer,AdvokatTELEGRAMM-ADRESSE:",PER,255,293
Dokument 55,ZEITSCHRIFT:DIE RHEINQUELLEN.,MISC,331,361
Dokument 55,"Zeitschrift für Binnenschiffahrt, Wasserwirtschaftund Verkehrswesen.",MISC,362,431
Dokument 55,Bodensee,LOC,495,504
Dokument 55,B.R.S.A.G. unternommen,ORG,849,872
Dokument 55,Schlussgenehmigungdurch eine Generalversammlung,MISC,954,1002
Dokument 56,basel,LOC,359,364
Dokument 56,Qu.,LOC,518,521
Dokument 57,5,MISC,0,2
Dokument 57,Navibale,LOC,99,107
Dokument 57,Postcheckkonto: V 3012,LOC,110,132
Dokument 57,Bankverein BaselBasel,ORG,160,182
Dokument 57,"Max Vischer, Advokat",PER,219,239
Dokument 57,Personenschiffes.,LOC,335,352
Dokument 57,maximalFr.,LOC,587,598
Dokument 57,Fahrtnach Rheinfelden,LOC,934,956
Dokument 57,Generalversammlungder Personenschiffahrtsgesellschaft,MISC,1009,1063
Dokument 57,Genossenschafternfreie Fahrt,LOC,1070,1099
Dokument 57,Rheinfelden,LOC,1134,1145
Dokument 57,ganzenAbmachung,MISC,1226,1242
Dokument 57,"Max Vischer, AdvokatBasel.",PER,1373,1400
Dokument 57,nochindirekt,LOC,1526,1539
Dokument 57,Rheinfelden,LOC,1651,1662
Dokument 57,Strandbad Rhein-felden.,LOC,1729,1753
Dokument 57,Rheinfelder,LOC,1758,1769
Dokument 57,Oppo-sition beeinflussen.,MISC,1865,1891
Dokument 57,Personen-schiffahrt,LOC,1980,2000
Dokument 57,Rheinfelden,LOC,2006,2017
Dokument 57,Rheinfelden,LOC,2312,2323
Dokument 57,Gesellschaft der Fall,ORG,2481,2502
Dokument 57,Ausgleichfür den Ausfall eines Wochentages,MISC,2512,2555
Dokument 58,By,MISC,0,3
Dokument 58,Ritter,PER,248,254
Dokument 58,Schweiz.,LOC,519,527
Dokument 58,Wirtschaftgärchiv Basel.,ORG,528,552
Dokument 58,die Jahre 1930,MISC,589,603
Dokument 58,F.Mangold,PER,624,633
Dokument 59,Rheinschiffahrt A.-G.-Marktgasse 5Basel,LOC,83,125
Dokument 59,Briefesvom 15. Dezember,MISC,160,184
Dokument 59,Generalver-sammlung,MISC,304,324
Dokument 59,Oberrhein,LOC,424,433
Dokument 60,0Basler Rheinschiffahrt-AktiengesellschaftBasel,MISC,1,51
Dokument 60,KEHL,ORG,64,68
Dokument 60,KARLSRUHE,MISC,71,80
Dokument 60,MANNHEIM,LOC,83,91
Dokument 60,KÖLN,LOC,94,98
Dokument 60,DUISBURG-RUHRORT,ORG,101,117
Dokument 60,ROTTERDAM,ORG,120,129
Dokument 60,ANTWERPEN,LOC,132,142
Dokument 60,PlantaDIREKTIONAdvokat & NotarBaselBetr.Personenschiffahrt,PER,194,256
Dokument 60,Personenschiffahrtsgesellschaftden Darlehensvertrag,MISC,335,387
Dokument 60,Vereins für die Schiffahrt auf demOberrhein,ORG,531,575
Dokument 60,Personenschiffahrtsehr dankbar,MISC,839,870
Dokument 60,V.f.,LOC,905,909
Dokument 61,(4Basel,LOC,0,8
Dokument 62,162Copie.,MISC,0,11
Dokument 62,Rheinschiffahrts A.-G.Marktgasse -Basel.,ORG,102,144
Dokument 62,Fahrplanes.,MISC,371,382
Dokument 62,Kaiseraugst.,LOC,391,403
Dokument 62,Basel-Breite.,LOC,415,428
Dokument 62,"Herrn Ryniker geantwortet,",PER,753,780
Dokument 62,Wirsind,LOC,893,901
Dokument 62,Interessegelegen,LOC,949,966
Dokument 62,GemeinderatKaiseraugst,LOC,1101,1124
Dokument 62,Kaiseraugst,LOC,1323,1334
Dokument 62,Gellert,LOC,1513,1520
Dokument 62,St. Albanund der grossen,LOC,1522,1547
Dokument 62,Birsfelden,LOC,1558,1568
Dokument 62,"Schifflände,scheint uns",LOC,1577,1601
Dokument 62,Bergfahrt dem Wunsche,LOC,1701,1723
Dokument 62,Punkten 2 & 3,MISC,1756,1769
Dokument 62,unser-er Abmachung,LOC,1794,1813
Dokument 62,Basel-Rheinfelden,LOC,1846,1864
Dokument 62,Basel-Breite,LOC,1954,1966
Dokument 62,Kaiseraugst,LOC,1971,1982
Dokument 62,Tal-fahrt,LOC,2106,2116
Dokument 62,Generalver-sammlung,MISC,2198,2218
Dokument 62,Gesellschaft keinRecht,ORG,2252,2275
Dokument 62,Personenfrequenzen,MISC,2537,2555
Dokument 63,Rheinschiffahrts A.-G.-Marktgasse 5Basel,ORG,79,121
Dokument 63,Har R. da iden,LOC,575,590
Dokument 64,RHEINSCHIFFAHRT AKTIENGESELLSCHAFT,LOC,7,41
Dokument 64,"Rheinfelden, Kraff¬",LOC,142,162
Dokument 64,General-Versammlung,MISC,406,425
Dokument 64,Personenschiffahrts-Gesellschaft Plätze,ORG,659,699
Dokument 64,Militär-dienst,LOC,763,778
Dokument 64,Schweizerische,MISC,1280,1294
Dokument 64,P. S.,PER,1356,1361
Dokument 64,P. S. Sulzermotoren).,PER,1374,1395
Dokument 64,Frachtsätze.,MISC,1542,1554
Dokument 64,"Antwerpen, Rofterdam, Duisburg-Ruhrort, Köln",LOC,1598,1642
Dokument 64,Mannheim,LOC,1644,1652
Dokument 64,Kehl,LOC,1665,1669
Dokument 64,Strassburg.,LOC,1671,1682
Dokument 65,Fritz RitterBasler Rheinschiffahrt A.-G.-18Basel,PER,74,126
Dokument 65,16.ct.,MISC,164,170
Dokument 65,"jemandzu uns abzuordnen,",PER,312,337
Dokument 65,Wacker,PER,575,581
Dokument 65,Gemeinde,LOC,621,629
Dokument 65,Kaiseraugst,LOC,630,641
Dokument 65,diesbezl.,MISC,692,701
Dokument 66,RHEINSCHIFFAHRT AKTIENGESELLSCHAFT,LOC,7,41
Dokument 66,"Rheinfelden, Kraft¬",LOC,143,163
Dokument 66,Erstunterzeichneten,MISC,414,433
Dokument 66,Personen-schiffahrt,MISC,630,650
Dokument 66,Herrn Wacker,PER,735,747
Dokument 66,Kaiseraugst,LOC,767,778
Dokument 66,Schweizerhalle,LOC,882,897
Dokument 66,Publikumsowieso,LOC,1086,1102
Dokument 66,Rheinfelden,LOC,1141,1152
Dokument 66,"Schweizerhallefür Vereine, Gesellschaften",LOC,1210,1252
Dokument 66,Hauptfrequenzvon Gesellschaften und Schulen,MISC,1339,1383
Dokument 66,Schweizerische,MISC,1470,1484
Dokument 66,P. S.,PER,1546,1551
Dokument 66,P. S. Sulzermotoren).,PER,1564,1585
Dokument 66,"Antwerpen, Rotterdam",LOC,1788,1808
Dokument 66,Köln,LOC,1828,1832
Dokument 66,Mannheim,LOC,1834,1842
Dokument 66,Kehl,LOC,1855,1859
Dokument 66,Strassburg.,LOC,1861,1872
Dokument 66,Schweizerhalle.,LOC,1952,1967
Dokument 66,Basel-Augst,LOC,1980,1991
Dokument 66,Kaiseraugst,LOC,2016,2027
Dokument 66,betriebstech-nisch,LOC,2048,2067
Dokument 66,Kaiseraugst,LOC,2082,2093
Dokument 66,Kaiseraugst,LOC,2174,2185
Dokument 66,Stationunter keinen Umstämden,LOC,2222,2252
Dokument 66,Kaiseraugst,LOC,2280,2291
Dokument 66,gege-bene Bummel,LOC,2355,2372
Dokument 66,Basel-Augst,LOC,2393,2404
Dokument 66,Kaiseraugst.,LOC,2410,2422
Dokument 66,rentab-ler,LOC,2627,2638
Dokument 66,Rheinfelden,LOC,2967,2978
Dokument 66,Basel,LOC,2985,2990
Dokument 66,Gefahrder,LOC,3024,3033
Dokument 66,Kaiseraugst,LOC,3214,3225
Dokument 66,Schwei-zerhalle,LOC,3230,3246
Dokument 66,Jahr für Jahr,MISC,3338,3351
Dokument 66,Betriebsdefi-zite,MISC,3356,3374
Dokument 66,subventio-niertes,LOC,3871,3889
Dokument 66,Herrn Wacker,PER,4074,4086
Dokument 66,Kaiseraugst,LOC,4095,4106
Dokument 66,Per-sonenschiffahrt.,LOC,4216,4237
Dokument 66,General-Versammlungund begrüssen Sie/mit,MISC,4275,4317
Dokument 67,RHEINSCHIFFAHRT AKTIENGESELLSCHAFT,LOC,7,41
Dokument 67,POSTFACH 4Telephon,MISC,53,72
Dokument 67,Postcheckkonto: V 3012,LOC,105,127
Dokument 67,Bankverein BaselBasel,ORG,155,177
Dokument 67,Max Vischer,PER,221,233
Dokument 68,687.18. JuniEMBasler Rheinschiffahrt,MISC,0,40
