"","doc_id","sentence_id","entity","entity_type","link"
"1","text2",2,"Basler","ORG","0002.jpg"
"2","text2",2,"Basel","ORG","0002.jpg"
"3","text2",3,"Rheinschiffahrt-Aktiengesellschaft","MISC","0002.jpg"
"4","text2",5,"Birsig","LOC","0002.jpg"
"5","text2",6,"Navibale","ORG","0002.jpg"
"6","text2",6,"Postcheck-","MISC","0002.jpg"
"7","text2",6,"Schweizerischer_Bankverein","ORG","0002.jpg"
"8","text2",6,"Basel","LOC","0002.jpg"
"9","text2",6,"Herrn_Christ","PER","0002.jpg"
"10","text2",6,"Fa._Paravicini","PER","0002.jpg"
"11","text2",6,"Christ","PER","0002.jpg"
"12","text2",10,"Christ","PER","0002.jpg"
"13","text2",11,"Herrn_Ryniker","PER","0002.jpg"
"14","text2",11,"Max_Vischer","PER","0002.jpg"
"15","text2",14,"Basel","LOC","0002.jpg"
"16","text2",14,"Hüninger_Kanal","LOC","0002.jpg"
"17","text2",17,"Schlepp-_
","LOC","0002.jpg"
"18","text2",17,"Herbst_
","MISC","0002.jpg"
"19","text2",18,"Rhein-_
_Verkehr","LOC","0002.jpg"
"20","text2",20,"Herrn","PER","0002.jpg"
"21","text2",20,"Schiffbau-Ingenieur_Ryniker","PER","0002.jpg"
"22","text2",23,"Basler_Personenschiffahrtsgesellschaft","MISC","0002.jpg"
"23","text3",1,"Basel","LOC","0003.jpg"
"24","text3",3,"Herrn_Christ","PER","0003.jpg"
"25","text3",7,"Rheinfelden","ORG","0003.jpg"
"26","text3",9,"unserm","PER","0003.jpg"
"27","text3",9,"Internationalen_Ausstellung_
_für_Binnenschiffahrt","MISC","0003.jpg"
"28","text3",9,"unserm","LOC","0003.jpg"
"29","text3",9,"Basel","LOC","0003.jpg"
"30","text3",9,"Istein","LOC","0003.jpg"
"31","text3",9,"Kembs","LOC","0003.jpg"
"32","text3",9,"Breisach","LOC","0003.jpg"
"33","text3",11,"Strassburg","LOC","0003.jpg"
"34","text3",12,"Rheinfelden","ORG","0003.jpg"
"35","text3",14,"Basel","LOC","0003.jpg"
"36","text3",15,"Herrn_Ryniker","PER","0003.jpg"
"37","text3",15,"Max_Vischer","PER","0003.jpg"
"38","text3",15,"Herrn_Dr._Vischer","PER","0003.jpg"
"39","text3",15,"Herrn_Ryniker","PER","0003.jpg"
"40","text4",1,"Basel","ORG","0004.jpg"
"41","text4",2,"Herrn_Christ","PER","0004.jpg"
"42","text4",3,"kongreter","MISC","0004.jpg"
"43","text4",11,"Herrn_Ryniker","PER","0004.jpg"
"44","text4",11,"Schiffbau-Ingenieur_Basel","ORG","0004.jpg"
"45","text4",11,"Herrn_Dr._Krasting_Basel","PER","0004.jpg"
"46","text5",1,"Basler","PER","0005.jpg"
"47","text5",1,"Rheinschiffahrt-Aktiengesellschaft","MISC","0005.jpg"
"48","text5",1,"Basel","ORG","0005.jpg"
"49","text5",3,"Birsig","LOC","0005.jpg"
"50","text5",3,"Navibale_
_Postcheck-Konto_V","MISC","0005.jpg"
"51","text5",3,"Schweizerischer_Bankverein","ORG","0005.jpg"
"52","text5",3,"Basel","LOC","0005.jpg"
"53","text5",3,"Herrn_P._Christ","PER","0005.jpg"
"54","text5",3,"Wackernagel","PER","0005.jpg"
"55","text5",3,"Fa._Paravicini","PER","0005.jpg"
"56","text5",3,"Christ","PER","0005.jpg"
"57","text5",7,"Christ","PER","0005.jpg"
"58","text5",7,"Herr_Groschupf","LOC","0005.jpg"
"59","text5",8,"Vogel-Gryf","ORG","0005.jpg"
"60","text5",8,"Internationalen_Ausstellung_
_für_Binnenschiffahrt","MISC","0005.jpg"
"61","text5",8,"Basel","LOC","0005.jpg"
"62","text5",11,"Hafenfahrten","PER","0005.jpg"
"63","text5",11,"Rheinfelden","LOC","0005.jpg"
"64","text5",11,"Strass-","MISC","0005.jpg"
"65","text5",13,"SBB","ORG","0005.jpg"
"66","text6",1,"Basel","LOC","0006.jpg"
"67","text6",2,"Herrn_Christ","PER","0006.jpg"
"68","text6",4,"Rhein","LOC","0006.jpg"
"69","text6",6,"Zeit","MISC","0006.jpg"
"70","text6",6,"Personenschiffahrtssaison_
","MISC","0006.jpg"
"71","text6",12,"Fahrpläne","LOC","0006.jpg"
"72","text6",16,"Betriebs-","LOC","0006.jpg"
"73","text6",17,"Basler_Personenschiffahrtsgesellschaft","MISC","0006.jpg"
"74","text6",17,"be-","ORG","0006.jpg"
"75","text6",17,"Havarien","PER","0006.jpg"
"76","text6",18,"Basler_Rheinschiffahrt-Aktienge-","ORG","0006.jpg"
"77","text6",18,"Vogel-Gryf","LOC","0006.jpg"
"78","text7",1,"Basel","LOC","0007.jpg"
"79","text7",2,"Herrn_Christ","PER","0007.jpg"
"80","text7",2,"Oel","MISC","0007.jpg"
"81","text7",8,"Basler_Rheinschiffahrt-Aktiengesellschaft_
","MISC","0007.jpg"
"82","text7",9,"Rhein-_
","MISC","0007.jpg"
"83","text7",11,"Gemeinschafts-_
_rechnung","ORG","0007.jpg"
"84","text7",13,"Rhein-_
","MISC","0007.jpg"
"85","text7",13,"Basler_Rheinschiffahrt-_
","ORG","0007.jpg"
"86","text7",13,"Schw","LOC","0007.jpg"
"87","text7",14,"Monat","MISC","0007.jpg"
"88","text7",16,"Gemeinschafts-_
_rechnung","ORG","0007.jpg"
"89","text7",22,"Betriebs-","LOC","0007.jpg"
"90","text8",1,"4_-_
","MISC","0008.jpg"
"91","text8",1,"Basel","LOC","0008.jpg"
"92","text8",2,"Herrn_Christ","PER","0008.jpg"
"93","text8",2,"Rheinfelden","ORG","0008.jpg"
"94","text8",2,"Vogel-Gryf","ORG","0008.jpg"
"95","text8",5,"Rheinfelden","ORG","0008.jpg"
"96","text8",5,"Vogel-Gryf","ORG","0008.jpg"
"97","text8",7,"Rheinfelden","ORG","0008.jpg"
"98","text8",7,"Vogel-Gryf","ORG","0008.jpg"
"99","text8",10,"Vogel-Gryf","ORG","0008.jpg"
"100","text8",10,"Rheinfelden","ORG","0008.jpg"
"101","text8",11,"Vogel-Gryf","ORG","0008.jpg"
"102","text8",12,"Walsum","LOC","0008.jpg"
"103","text8",12,"Augst","PER","0008.jpg"
"104","text8",13,"Rheinwerft_Walsum","MISC","0008.jpg"
"105","text8",13,"Reklamegründen","LOC","0008.jpg"
"106","text8",13,"Rheinfelden","ORG","0008.jpg"
"107","text9",2,"Basel","ORG","0009.jpg"
"108","text9",6,"Vogel-Gryf","ORG","0009.jpg"
"109","text9",6,"Rheinfelden","LOC","0009.jpg"
"110","text9",8,"Basel","LOC","0009.jpg"
"111","text9",8,"Augst","LOC","0009.jpg"
"112","text9",8,"Rheinfelden","LOC","0009.jpg"
"113","text9",8,"Treibenden","LOC","0009.jpg"
"114","text9",9,"Zweifellos","PER","0009.jpg"
"115","text9",9,"Vogel-Gryf","LOC","0009.jpg"
"116","text9",11,"Misskredit","LOC","0009.jpg"
"117","text9",13,"Betriebsgemeinschaftsvertrages","MISC","0009.jpg"
"118","text9",14,"BASIER","ORG","0009.jpg"
"119","text9",16,"RHE_INSCHIFFAHRT-AKTIENGESELLSCHAFT","MISC","0009.jpg"
"120","text9",18,"Piäsigt_
","MISC","0009.jpg"
"121","text10",1,"Basler","PER","0010.jpg"
"122","text10",1,"Basel","ORG","0010.jpg"
"123","text10",2,"Rheinschiffahrt-Aktiengesellschaft","MISC","0010.jpg"
"124","text10",3,"Birsig","LOC","0010.jpg"
"125","text10",3,"Navibale_
_Postcheck-Konto_V","MISC","0010.jpg"
"126","text10",3,"Herrn_P._Christ","PER","0010.jpg"
"127","text10",3,"Wackernagel","PER","0010.jpg"
"128","text10",3,"Schweizerischer_Bankverein","ORG","0010.jpg"
"129","text10",3,"Basel","LOC","0010.jpg"
"130","text10",3,"Fa._Paravicini","PER","0010.jpg"
"131","text10",3,"Christ","PER","0010.jpg"
"132","text10",8,"BASLER","ORG","0010.jpg"
"133","text10",10,"Merteet","LOC","0010.jpg"
"134","text11",1,"Basel","ORG","0011.jpg"
"135","text11",9,"Dra_s","LOC","0011.jpg"
"136","text11",12,"Ihrem_Herrn","PER","0011.jpg"
"137","text11",12,"Herrn_Christ","PER","0011.jpg"
"138","text11",13,"Christ","PER","0011.jpg"
"139","text11",13,"Rheinfelden","ORG","0011.jpg"
"140","text11",13,"Vogel-Gryf","ORG","0011.jpg"
"141","text11",17,"Herrn_Christ","PER","0011.jpg"
"142","text11",17,"Personenschiffahrts-_
_gesellschaft","ORG","0011.jpg"
"143","text12",1,"Wassorkraft-_
_Internationale_Ausstellung","ORG","0012.jpg"
"144","text12",1,"Basel","ORG","0012.jpg"
"145","text12",2,"Basel","LOC","0012.jpg"
"146","text12",5,"Iren","LOC","0012.jpg"
"147","text12",6,"Ferne","PER","0012.jpg"
"148","text12",6,"aerogn","ORG","0012.jpg"
"149","text12",7,"le_ne_kertrelise","LOC","0012.jpg"
"150","text13",3,"BASEL","ORG","0013.jpg"
"151","text13",5,"INTERNATIONALE","ORG","0013.jpg"
"152","text13",6,"BINNENSCHIFFAHRT","MISC","0013.jpg"
"153","text13",7,"WASSERKRAFTNUTZUNG","MISC","0013.jpg"
"154","text13",8,"POSTEACH_BASEL","ORG","0013.jpg"
"155","text13",9,"TELEPHON","ORG","0013.jpg"
"156","text13",13,"BASELV4038","ORG","0013.jpg"
"157","text13",13,"Basel","ORG","0013.jpg"
"158","text13",15,"L.","PER","0013.jpg"
"159","text13",15,"Christ","PER","0013.jpg"
"160","text13",15,"Christ","PER","0013.jpg"
"161","text13",18,"Basel","LOC","0013.jpg"
"162","text13",19,"Basler_Rheinschiffahrts-Aktiengesellschaft_
","MISC","0013.jpg"
"163","text13",19,"Rheinfelden","ORG","0013.jpg"
"164","text13",19,"Vogel-Gryf","ORG","0013.jpg"
"165","text13",23,"Ihrem_Ermessen","PER","0013.jpg"
"166","text13",27,"vorzüglicher","MISC","0013.jpg"
"167","text14",1,"Basel","ORG","0014.jpg"
"168","text14",3,"Herrn_Dr._W.Krasting","PER","0014.jpg"
"169","text14",3,"Basel","ORG","0014.jpg"
"170","text14",3,"Basel","ORG","0014.jpg"
"171","text14",5,"nächstens","LOC","0014.jpg"
"172","text15",1,"Basel","ORG","0015.jpg"
"173","text15",4,"Basler_Rheinschiffahrt-Aktiengesellschaft","MISC","0015.jpg"
"174","text15",9,"Basel","LOC","0015.jpg"
"175","text15",10,"Zeit","MISC","0015.jpg"
"176","text16",1,"Basler","PER","0016.jpg"
"177","text16",1,"Basel","ORG","0016.jpg"
"178","text16",4,"Birsig","LOC","0016.jpg"
"179","text16",4,"Navibale_
_Postcheck-Konto_V","MISC","0016.jpg"
"180","text16",4,"Schweizerischer","LOC","0016.jpg"
"181","text16",4,"Bankverein","LOC","0016.jpg"
"182","text16",4,"Basel","LOC","0016.jpg"
"183","text16",4,"Herrn_P._Christ","PER","0016.jpg"
"184","text16",4,"Wackernagel","PER","0016.jpg"
"185","text16",4,"Basel","ORG","0016.jpg"
"186","text16",6,"Christ","PER","0016.jpg"
"187","text16",6,"Herrn_Dr._Max_Vischer","PER","0016.jpg"
"188","text16",6,"Basler_Personenschiffahrts-Gesellschaft","ORG","0016.jpg"
"189","text16",8,"BAS","MISC","0016.jpg"
"190","text16",9,"RHE","ORG","0016.jpg"
"191","text16",9,"INSCHIFFAHRT","ORG","0016.jpg"
"192","text17",3,"Basler","PER","0017.jpg"
"193","text17",7,"b_
_to_
","ORG","0017.jpg"
"194","text17",10,"Hafen-_
_et_
","MISC","0017.jpg"
"195","text17",10,"ac","MISC","0017.jpg"
"196","text18",1,"Max_V","PER","0018.jpg"
"197","text18",1,"Herr_Schiffban-Ingenie","LOC","0018.jpg"
"198","text18",2,"Horrn_Ryniker","PER","0018.jpg"
"199","text18",2,"Herrn_Christ","PER","0018.jpg"
"200","text18",4,"nIhre","MISC","0018.jpg"
"201","text18",7,"Beza","PER","0018.jpg"
"202","text18",9,"Beteiligten","PER","0018.jpg"
"203","text18",9,"u_
","MISC","0018.jpg"
"204","text18",9,"Nre","LOC","0018.jpg"
"205","text18",13,"Herrn_Dr._Krasting","PER","0018.jpg"
"206","text18",13,"Herrn_Dr._Krast","PER","0018.jpg"
"207","text18",14,"Christ","PER","0018.jpg"
"208","text18",14,"Christ","PER","0018.jpg"
"209","text18",16,"Chriet","ORG","0018.jpg"
"210","text19",1,"Herrn_Fräsident_Dr.","PER","0019.jpg"
"211","text19",2,"El.6.26.","PER","0019.jpg"
"212","text19",2,"Genhhmigang","LOC","0019.jpg"
"213","text19",3,"Groschmpf_
","MISC","0019.jpg"
"214","text19",6,"Christ","PER","0019.jpg"
"215","text19",6,"Jchreibens","PER","0019.jpg"
"216","text19",6,"Jchreibens","PER","0019.jpg"
"217","text19",7,"Zeit","MISC","0019.jpg"
"218","text19",9,"Herrn_Dr._Krasting","PER","0019.jpg"
"219","text19",9,"Christ","PER","0019.jpg"
"220","text19",9,"Eisse","PER","0019.jpg"
"221","text19",10,"Herrn_Dr._Krasting","PER","0019.jpg"
"222","text19",12,"Herrn_Christ","PER","0019.jpg"
"223","text19",14,"Christ","PER","0019.jpg"
"224","text19",15,"Londen","LOC","0019.jpg"
"225","text20",1,"Ba_

_Herrn_Präsid","MISC","0020.jpg"
"226","text20",3,"dehin","LOC","0020.jpg"
"227","text20",5,"Stellungnehne","LOC","0020.jpg"
"228","text20",6,"Herrn","PER","0020.jpg"
"229","text20",6,"Herrn_Dr._Krusting","PER","0020.jpg"
"230","text20",8,"Horr_Dr._Krasting","PER","0020.jpg"
"231","text20",14,"Christ","PER","0020.jpg"
"232","text20",14,"Früsidenten_de_
_Basler","MISC","0020.jpg"
"233","text20",14,"ver_
","PER","0020.jpg"
"234","text20",14,"Albatros","MISC","0020.jpg"
"235","text20",16,"Christricht","PER","0020.jpg"
"236","text21",2,"Fersenenschiffehrtegesellse_
","MISC","0021.jpg"
"237","text21",3,"Herrn_Dr._Krasting","PER","0021.jpg"
"238","text21",7,"un_
","PER","0021.jpg"
"239","text21",7,"rch","ORG","0021.jpg"
"240","text21",10,"Persenel_Ihre","LOC","0021.jpg"
"241","text21",12,"Herrn","PER","0021.jpg"
"242","text21",13,"Kan","MISC","0021.jpg"
"243","text22",3,"Schleuse","LOC","0022.jpg"
"244","text22",6,"mi_
","ORG","0022.jpg"
"245","text22",6,"Rheinfelden","LOC","0022.jpg"
"246","text22",6,"Behandlun_
","ORG","0022.jpg"
"247","text22",7,"Vorstandes","MISC","0022.jpg"
"248","text22",7,"u_
","MISC","0022.jpg"
"249","text22",7,"Fersenal","LOC","0022.jpg"
"250","text22",7,"Jahr_vo_
","MISC","0022.jpg"
"251","text22",7,"Herrn_Reisenn","PER","0022.jpg"
"252","text22",9,"Dummheit","LOC","0022.jpg"
"253","text22",10,"Wir_
_lich","MISC","0022.jpg"
"254","text22",10,"sol","ORG","0022.jpg"
"255","text22",11,"Stellun","LOC","0022.jpg"
"256","text22",13,"Unperteischen","MISC","0022.jpg"
"257","text23",3,"ischer","MISC","0023.jpg"
"258","text23",4,"Ihres_Verstendes","MISC","0023.jpg"
"259","text23",4,"Ihres_Ferschals","ORG","0023.jpg"
"260","text23",7,"Irgendeine_Gegenleistung","PER","0023.jpg"
"261","text23",7,"Verschla_
","MISC","0023.jpg"
"262","text23",8,"Herrn_Christ","PER","0023.jpg"
"263","text23",14,"diess","PER","0023.jpg"
"264","text24",3,"Basel","LOC","0024.jpg"
"265","text24",5,"Basler_Rheinschiffahrt","ORG","0024.jpg"
"266","text24",9,"Steuer","LOC","0024.jpg"
"267","text24",10,"Basler","LOC","0024.jpg"
"268","text24",10,"Herrn","PER","0024.jpg"
"269","text24",10,"Christ","PER","0024.jpg"
"270","text24",11,"Basler","LOC","0024.jpg"
"271","text24",12,"Herrn","PER","0024.jpg"
"272","text24",12,"Herrn_Christ","PER","0024.jpg"
"273","text24",13,"Christ","PER","0024.jpg"
"274","text24",13,"Basler","LOC","0024.jpg"
"275","text25",1,"Blatt_II.","PER","0025.jpg"
"276","text25",1,"Christ","LOC","0025.jpg"
"277","text25",1,"Dr._Krasting","LOC","0025.jpg"
"278","text25",1,"Herr_Christ","LOC","0025.jpg"
"279","text25",1,"Kommission_für_die_Uebernahme_des","ORG","0025.jpg"
"280","text25",2,"unserm","PER","0025.jpg"
"281","text25",2,"Gryf","PER","0025.jpg"
"282","text25",3,"Christ","PER","0025.jpg"
"283","text25",3,"Basler_Rheinschiffahrt","ORG","0025.jpg"
"284","text25",5,"Basler_Rheinschiffahrt","ORG","0025.jpg"
"285","text25",7,"2.ot","MISC","0025.jpg"
"286","text25",8,"Herrn_Dr._Krasting","PER","0025.jpg"
"287","text25",9,"Vorstands","LOC","0025.jpg"
"288","text25",9,"25._Ot","MISC","0025.jpg"
"289","text25",12,"Basler_Rheinschiffahrt","ORG","0025.jpg"
"290","text26",3,"unserm","PER","0026.jpg"
"291","text26",3,"Christ","PER","0026.jpg"
"292","text26",4,"Basler_Rheinschiffahrt","ORG","0026.jpg"
"293","text26",4,"Christ","PER","0026.jpg"
"294","text26",4,"Herrn_Groschupf","PER","0026.jpg"
"295","text26",4,"Herrn_Groschupf","LOC","0026.jpg"
"296","text26",4,"Basler_Rheinschiffahrt","ORG","0026.jpg"
"297","text26",7,"2._ct","MISC","0026.jpg"
"298","text26",7,"Betriebsorga-_
_nisation","MISC","0026.jpg"
"299","text26",7,"Basler_Rheinschiffahrt","ORG","0026.jpg"
"300","text26",8,"Cryf","PER","0026.jpg"
"301","text26",9,"hiebei","LOC","0026.jpg"
"302","text26",10,"Basler_Rheinschiffahrt","ORG","0026.jpg"
"303","text26",11,"Basler","LOC","0026.jpg"
"304","text26",11,"Aktienge-_
","PER","0026.jpg"
"305","text26",12,"Basler_Rhein-","MISC","0026.jpg"
"306","text27",1,"Blatt_IV.","PER","0027.jpg"
"307","text27",5,"Basler","LOC","0027.jpg"
"308","text27",5,"unserm","LOC","0027.jpg"
"309","text27",6,"29._Marz","LOC","0027.jpg"
"310","text27",6,"Taxen","LOC","0027.jpg"
"311","text27",7,"Basler_Rheinschiffahrt","ORG","0027.jpg"
"312","text27",9,"Basler_Rheinschiffahrt","ORG","0027.jpg"
"313","text27",9,"Herrn","PER","0027.jpg"
"314","text27",9,"Christ","PER","0027.jpg"
"315","text27",9,"Vorstands","LOC","0027.jpg"
"316","text27",11,"vorzüglicher","MISC","0027.jpg"
"317","text27",11,"BASLER","ORG","0027.jpg"
"318","text27",14,"Basler_Rheinschiffahrt","ORG","0027.jpg"
"319","text27",14,"Basler_Rheinschiffahrt","ORG","0027.jpg"
"320","text27",15,"Kantons_Basel-Stadt","LOC","0027.jpg"
"321","text28",1,"DR","ORG","0028.jpg"
"322","text28",7,"ADVOKATEN","ORG","0028.jpg"
"323","text28",8,"NOTARE","ORG","0028.jpg"
"324","text28",13,"TELEPHON","ORG","0028.jpg"
"325","text28",15,"POSTCHECK","ORG","0028.jpg"
"326","text28",16,"Basel","ORG","0028.jpg"
"327","text28",18,"Hause_Paravicini","MISC","0028.jpg"
"328","text28",18,"Christ","PER","0028.jpg"
"329","text28",18,"Basel","LOC","0028.jpg"
"330","text28",22,"Christ","PER","0028.jpg"
"331","text28",23,"25._ct","MISC","0028.jpg"
"332","text28",24,"Basler_Rheinschiffahrt","ORG","0028.jpg"
"333","text28",27,"Herrn_Groschupf","PER","0028.jpg"
"334","text28",29,"einstimmig_
","MISC","0028.jpg"
"335","text28",33,"4_&_5.","MISC","0028.jpg"
"336","text28",35,"Personenschiffahrte-_
_gesellschaft","ORG","0028.jpg"
"337","text29",1,"Gryf","PER","0029.jpg"
"338","text29",3,"Namentlich","PER","0029.jpg"
"339","text29",4,"Passus_7","MISC","0029.jpg"
"340","text29",4,"......","MISC","0029.jpg"
"341","text29",5,".....","ORG","0029.jpg"
"342","text30",4,"ALBATROS","MISC","0030.jpg"
"343","text30",7,"H._Wy","PER","0030.jpg"
"344","text30",8,"Auftrages","LOC","0030.jpg"
"345","text30",8,"Polizei-Departements","LOC","0030.jpg"
"346","text30",8,"Basel","LOC","0030.jpg"
"347","text30",10,"Wylemann","PER","0030.jpg"
"348","text30",12,"ALBATROS"".-","MISC","0030.jpg"
"349","text30",14,"Peysonenschiffahrtsgesellschaft","MISC","0030.jpg"
"350","text30",16,"DerP","MISC","0030.jpg"
"351","text31",7,"Schiffes","LOC","0031.jpg"
"352","text31",7,"Abenäfahrt","ORG","0031.jpg"
"353","text31",8,"Rheinfelden","ORG","0031.jpg"
"354","text31",9,"Ihrem","LOC","0031.jpg"
"355","text31",11,"Basler","LOC","0031.jpg"
"356","text31",12,"Geschäftsföhrer","ORG","0031.jpg"
"357","text32",1,"ABSCHRIFT","LOC","0032.jpg"
"358","text32",2,"A2","ORG","0032.jpg"
"359","text32",4,"Basler","PER","0032.jpg"
"360","text32",5,"Rheinschiffahrt-Aktiengesellschaft","MISC","0032.jpg"
"361","text32",5,"Basel","ORG","0032.jpg"
"362","text32",7,"Herrn_Dr._Max_Vischer","PER","0032.jpg"
"363","text32",8,"Basler","LOC","0032.jpg"
"364","text32",9,"Basel","MISC","0032.jpg"
"365","text32",10,"Landungsstege","MISC","0032.jpg"
"366","text32",10,"Einsteigebrücken","LOC","0032.jpg"
"367","text32",14,"Landungsstege","MISC","0032.jpg"
"368","text32",15,"Oberrhein","LOC","0032.jpg"
"369","text32",16,"Vereins_für_die_Schiffahrt","ORG","0032.jpg"
"370","text32",16,"Oberrhein","LOC","0032.jpg"
"371","text32",16,"Oberrhein","LOC","0032.jpg"
"372","text33",2,"Brief_Ihres_Geschäftsführers","MISC","0033.jpg"
"373","text33",4,"Herrn_Dr._Max_Vischer","PER","0033.jpg"
"374","text33",4,"unserm","PER","0033.jpg"
"375","text33",4,"21.VI","MISC","0033.jpg"
"376","text33",6,"Christ","PER","0033.jpg"
"377","text33",9,"Wir_
","MISC","0033.jpg"
"378","text33",9,"Kantons_Aargau","LOC","0033.jpg"
"379","text34",1,"Rheinfelder_Gemeinde","LOC","0034.jpg"
"380","text34",3,"Basler","LOC","0034.jpg"
"381","text34",3,"unserm","LOC","0034.jpg"
"382","text34",3,"Telephons","LOC","0034.jpg"
"383","text34",3,"Wassers_an_der_Schifflände","LOC","0034.jpg"
"384","text34",7,"BASLER","ORG","0034.jpg"
"385","text34",8,"RHEINSCHIFFAHRT","ORG","0034.jpg"
"386","text34",9,"AKTIENGESELLSCHAFT_
","MISC","0034.jpg"
"387","text34",10,"Groschopf_J.A.Ritter","PER","0034.jpg"
"388","text34",13,"Vischer","ORG","0034.jpg"
"389","text35",3,"Basler_
","MISC","0035.jpg"
"390","text35",3,"Rheinschiffahrt-Aktiengesellschaft","MISC","0035.jpg"
"391","text35",3,"Basel","ORG","0035.jpg"
"392","text35",6,"Basel1","LOC","0035.jpg"
"393","text35",9,"Navibale","ORG","0035.jpg"
"394","text35",9,"Postcheck-","MISC","0035.jpg"
"395","text35",9,"Schweizerischer_Bankverein","ORG","0035.jpg"
"396","text35",9,"Basel_

_G","LOC","0035.jpg"
"397","text35",10,"Herrn_Rupprecht","PER","0035.jpg"
"398","text35",10,"Eden","MISC","0035.jpg"
"399","text35",12,"Herrn_Oettinger","PER","0035.jpg"
"400","text35",14,"Rheinfelden","ORG","0035.jpg"
"401","text35",16,"Herrn","PER","0035.jpg"
"402","text35",19,"Rheinfelden","ORG","0035.jpg"
"403","text35",20,"Dr._Speich","PER","0035.jpg"
"404","text35",20,"Besprechungen","LOC","0035.jpg"
"405","text35",21,"Basler","LOC","0035.jpg"
"406","text35",21,"Vor-_
","MISC","0035.jpg"
"407","text36",3,"Herrn_Rupprecht","PER","0036.jpg"
"408","text36",5,"vorzüglicher","MISC","0036.jpg"
"409","text36",6,"BASLEI","ORG","0036.jpg"
"410","text36",7,"RHETNSCHIFFAHRT-AKTIENGESELLSCHAFT","MISC","0036.jpg"
"411","text37",1,"Basel","LOC","0037.jpg"
"412","text37",3,"Basler","PER","0037.jpg"
"413","text37",4,"Rheinschiffahrt-Aktiengesellschaft","MISC","0037.jpg"
"414","text37",5,"Postfach","MISC","0037.jpg"
"415","text37",5,"Basel_I","MISC","0037.jpg"
"416","text37",7,"Navibale","ORG","0037.jpg"
"417","text37",8,"Postcheck","PER","0037.jpg"
"418","text37",8,"Konto_V","MISC","0037.jpg"
"419","text37",8,"Schweizerischer_Bankverein","ORG","0037.jpg"
"420","text37",8,"Basel","LOC","0037.jpg"
"421","text37",8,"Basler","ORG","0037.jpg"
"422","text37",8,"Personenschiffahrts¬_
_U_/","MISC","0037.jpg"
"423","text37",14,"Rheinfelden","LOC","0037.jpg"
"424","text37",14,"P.S.","MISC","0037.jpg"
"425","text37",15,"P.S.","MISC","0037.jpg"
"426","text37",16,"Lällekönig","LOC","0037.jpg"
"427","text37",16,"P.S.","MISC","0037.jpg"
"428","text37",18,"Basel","LOC","0037.jpg"
"429","text37",18,"Rheinfelden","LOC","0037.jpg"
"430","text37",20,"Werktags","ORG","0037.jpg"
"431","text37",23,"Kapitals","MISC","0037.jpg"
"432","text38",2,"Basler_Personenschiffahrts-Gesellschaft","ORG","0038.jpg"
"433","text38",2,"Basel","ORG","0038.jpg"
"434","text38",4,"Tritt","PER","0038.jpg"
"435","text38",4,"Rhein-_
","MISC","0038.jpg"
"436","text38",5,"Kanal-","ORG","0038.jpg"
"437","text38",5,"Basler","LOC","0038.jpg"
"438","text38",6,"Jahr_22_Motorkanalschiffe","MISC","0038.jpg"
"439","text38",7,"Dienst","LOC","0038.jpg"
"440","text38",13,"Rheingebiet","LOC","0038.jpg"
"441","text39",1,"3_-_
","MISC","0039.jpg"
"442","text39",2,"Basler_Personenschiffahrts-Gesellschaft","ORG","0039.jpg"
"443","text39",2,"Basel","ORG","0039.jpg"
"444","text39",6,"Rheinfelden","ORG","0039.jpg"
"445","text39",8,"Wir_
","MISC","0039.jpg"
"446","text39",12,"Fr._7500.-","LOC","0039.jpg"
"447","text39",18,"Grosse","LOC","0039.jpg"
"448","text39",20,"Havariefällen","LOC","0039.jpg"
"449","text40",1,"4_-_
","MISC","0040.jpg"
"450","text40",2,"Basler_Personenschiffahrts-Gesellschaft","ORG","0040.jpg"
"451","text40",2,"Basel","ORG","0040.jpg"
"452","text40",7,"Ihrer_Gesellschaft","ORG","0040.jpg"
"453","text40",12,"Fr._7500.-","LOC","0040.jpg"
"454","text40",13,"Ausserordentliche","MISC","0040.jpg"
"455","text40",17,"Rheinfelden","LOC","0040.jpg"
"456","text40",17,"Rheinfelder","LOC","0040.jpg"
"457","text41",2,"Basler_Personenschiffahrts-Gesellschaft","ORG","0041.jpg"
"458","text41",3,"Basel","ORG","0041.jpg"
"459","text41",5,"Selbstverständlich","PER","0041.jpg"
"460","text41",6,"Schiffes","LOC","0041.jpg"
"461","text41",8,"Basel","LOC","0041.jpg"
"462","text41",8,"Franken","LOC","0041.jpg"
"463","text41",11,"Basler","LOC","0041.jpg"
"464","text41",14,"Sulzer-Kreuzkopfmotoren","MISC","0041.jpg"
"465","text41",15,"Bootes_""_Rheinfelden","ORG","0041.jpg"
"466","text41",15,"Sulzer-Motoren","MISC","0041.jpg"
"467","text41",16,"Sulzer-Motoren","MISC","0041.jpg"
"468","text42",2,"Basler_Personenschiffahrts-Gesellschaft","ORG","0042.jpg"
"469","text42",2,"Basel","ORG","0042.jpg"
"470","text42",3,"Rheinfelden","ORG","0042.jpg"
"471","text42",3,"Schiffbau-Industrie_
_des_Rheingebietes","MISC","0042.jpg"
"472","text42",15,"BASLE","MISC","0042.jpg"
"473","text42",17,"CHIFFAERTUXTINI","MISC","0042.jpg"
"474","text43",4,"Basler","LOC","0043.jpg"
"475","text43",4,"Basel","ORG","0043.jpg"
"476","text43",5,"Ihres_Geehrten","MISC","0043.jpg"
"477","text43",8,"Basler_Personenschiffahrtsgesellscha","ORG","0043.jpg"
"478","text44",1,"Basel","LOC","0044.jpg"
"479","text44",3,"Basler","LOC","0044.jpg"
"480","text44",3,"Rheinschiffahrt_A.-G.","LOC","0044.jpg"
"481","text44",3,"Basel","LOC","0044.jpg"
"482","text44",8,"Ein_Teil_der_Anwesenden","MISC","0044.jpg"
"483","text44",11,"Percoranee","PER","0044.jpg"
"484","text44",12,"Gesch_
","MISC","0044.jpg"
"485","text45",1,"Basel","LOC","0045.jpg"
"486","text45",4,"Basler","PER","0045.jpg"
"487","text45",5,"Rheinschiffahrt-Aktiengesellschaft","MISC","0045.jpg"
"488","text45",6,"Postfach","MISC","0045.jpg"
"489","text45",6,"Basel_I","MISC","0045.jpg"
"490","text45",8,"Navibale","ORG","0045.jpg"
"491","text45",8,"Postcheck-","MISC","0045.jpg"
"492","text45",8,"Basler","PER","0045.jpg"
"493","text45",8,"Schweizerischer_Bankverein","ORG","0045.jpg"
"494","text45",8,"Basel","LOC","0045.jpg"
"495","text45",8,"Basel","ORG","0045.jpg"
"496","text45",11,"unserm","PER","0045.jpg"
"497","text45",13,"Ihres_
_Schiffes","MISC","0045.jpg"
"498","text45",18,"Basel","LOC","0045.jpg"
"499","text45",18,"Rheinfelden","LOC","0045.jpg"
"500","text46",1,"Basler_Personenschiffahrtsgesellschaft","MISC","0046.jpg"
"501","text46",1,"B","LOC","0046.jpg"
"502","text46",3,"Rheinschiffahrt_
","LOC","0046.jpg"
"503","text46",5,"Verhältnissen","LOC","0046.jpg"
"504","text46",6,"Wir","PER","0046.jpg"
"505","text46",9,"BASIER","ORG","0046.jpg"
"506","text47",1,"Basel","LOC","0047.jpg"
"507","text47",3,"R_
","MISC","0047.jpg"
"508","text47",4,"Basler","LOC","0047.jpg"
"509","text47",4,"Rheinschiffahrt_A.G.","LOC","0047.jpg"
"510","text47",4,"Basel","LOC","0047.jpg"
"511","text47",5,"Ihres_Schreibens","ORG","0047.jpg"
"512","text47",9,"Gesch","LOC","0047.jpg"
"513","text48",1,"Basler","LOC","0048.jpg"
"514","text48",1,"Basel","ORG","0048.jpg"
"515","text48",3,"Rheinschiffahrt-Aktiengesellschaft","MISC","0048.jpg"
"516","text48",5,"Basel","MISC","0048.jpg"
"517","text48",6,"Navibale","ORG","0048.jpg"
"518","text48",6,"Postcheck","PER","0048.jpg"
"519","text48",6,"Konto_V","MISC","0048.jpg"
"520","text48",8,"Schweizerischer_Bankverein","ORG","0048.jpg"
"521","text48",8,"Basel","LOC","0048.jpg"
"522","text48",8,"Basler","PER","0048.jpg"
"523","text48",8,"Basel","ORG","0048.jpg"
"524","text48",11,"Herrn","PER","0048.jpg"
"525","text48",11,"Herrn_Christ","PER","0048.jpg"
"526","text48",11,"Herrn_Oettinger","PER","0048.jpg"
"527","text48",15,"Rhein-_
","MISC","0048.jpg"
"528","text48",17,"Rheinfelden","ORG","0048.jpg"
"529","text48",19,"Ponton","PER","0048.jpg"
"530","text49",2,"Basler_Personenschiffahrtsgesellschaft","ORG","0049.jpg"
"531","text49",3,"22.3.28.","MISC","0049.jpg"
"532","text49",4,"Fr._100.000.-","MISC","0049.jpg"
"533","text49",5,"Bar-_
","MISC","0049.jpg"
"534","text49",6,"Albatros","MISC","0049.jpg"
"535","text49",7,"Rheinfelden","LOC","0049.jpg"
"536","text49",8,"Rheinfeldens","LOC","0049.jpg"
"537","text49",10,"Witterungs-_
","MISC","0049.jpg"
"538","text49",10,"Rheinfelden","LOC","0049.jpg"
"539","text49",11,"Basel","ORG","0049.jpg"
"540","text49",11,"Rheinfelden","LOC","0049.jpg"
"541","text49",12,"Rheinfeldens","LOC","0049.jpg"
"542","text49",13,"Rheinfelden","LOC","0049.jpg"
"543","text49",13,"Basel","LOC","0049.jpg"
"544","text50",2,"Basler_Personenschiffahrtsgesellschaft","ORG","0050.jpg"
"545","text50",2,"Basel","ORG","0050.jpg"
"546","text50",3,"Basel","LOC","0050.jpg"
"547","text50",3,"Rheinfelden","LOC","0050.jpg"
"548","text50",4,"Genossen-_
_schafter","ORG","0050.jpg"
"549","text50",7,"Per-_
","LOC","0050.jpg"
"550","text50",10,"Ihr_
","MISC","0050.jpg"
"551","text50",10,"Anbe-_
","PER","0050.jpg"
"552","text50",10,"Kapitals","MISC","0050.jpg"
"553","text50",13,"Rheinfelden","ORG","0050.jpg"
"554","text50",13,"Basel","ORG","0050.jpg"
"555","text51",1,"4_-_
","MISC","0051.jpg"
"556","text51",2,"Basler_Personenschiffahrtsgesellschaft","ORG","0051.jpg"
"557","text51",3,"22.3.28.","MISC","0051.jpg"
"558","text51",3,"Basel","ORG","0051.jpg"
"559","text51",8,"Ihres_Vorstandes","MISC","0051.jpg"
"560","text51",12,"BASLER","ORG","0051.jpg"
"561","text51",13,"RHEINSCHIFFAHRT-AKTIENGESELLSCHAFT","MISC","0051.jpg"
"562","text52",3,"reb","MISC","0052.jpg"
"563","text52",3,"ILel","MISC","0052.jpg"
"564","text52",3,"ID1","MISC","0052.jpg"
"565","text52",3,"IligA_mi","MISC","0052.jpg"
"566","text52",4,"Hemden_
","MISC","0052.jpg"
"567","text52",5,"lIgömblsd","MISC","0052.jpg"
"568","text52",5,"Hnew","MISC","0052.jpg"
"569","text52",6,"ledö_aebnatetoV","PER","0052.jpg"
"570","text52",6,"aarloe805","LOC","0052.jpg"
"571","text52",6,"anmImmesrevisreneD_reb_mutsd","MISC","0052.jpg"
"572","text52",6,"ettäd_nesaelfnoaed_s_
","PER","0052.jpg"
"573","text52",7,"Tleg_HernI_
","ORG","0052.jpg"
"574","text52",8,"ta_
","MISC","0052.jpg"
"575","text53",1,"H.","MISC","0053.jpg"
"576","text53",4,"Baaler_Rheinschiffahrt_A.-3.","LOC","0053.jpg"
"577","text53",4,"Basel","LOC","0053.jpg"
"578","text53",8,"Verfahrens","LOC","0053.jpg"
"579","text53",15,"Genessenschaftskapital","LOC","0053.jpg"
"580","text53",16,"Betrages","MISC","0053.jpg"
"581","text53",16,"frs","LOC","0053.jpg"
"582","text53",18,"Schweizerhall","LOC","0053.jpg"
"583","text53",19,"Oberrhein","LOC","0053.jpg"
"584","text54",3,"Erwiezenermassenbilden","PER","0054.jpg"
"585","text54",5,"Rhein-_
","MISC","0054.jpg"
"586","text54",5,"Anschluss","MISC","0054.jpg"
"587","text54",5,"Basel-Kheinfelden","LOC","0054.jpg"
"588","text54",8,"Gesellschaft_für_den_Fall","ORG","0054.jpg"
"589","text54",12,"Basler","LOC","0054.jpg"
"590","text55",1,"Basel","ORG","0055.jpg"
"591","text55",4,"Basler","LOC","0055.jpg"
"592","text55",4,"Rheinschiffahrt_A.-C.","LOC","0055.jpg"
"593","text55",4,"Basel","LOC","0055.jpg"
"594","text55",6,"Anschluss","MISC","0055.jpg"
"595","text55",6,"Basel","LOC","0055.jpg"
"596","text55",6,"Rheinfelden","LOC","0055.jpg"
"597","text55",6,"Rheinfelden","ORG","0055.jpg"
"598","text55",8,"vorzüglicher","MISC","0055.jpg"
"599","text55",8,"Basler_Percon","MISC","0055.jpg"
"600","text56",1,"Basel","LOC","0056.jpg"
"601","text56",4,"Basler_
","MISC","0056.jpg"
"602","text56",5,"Rheinschiffahrt-Aktiengesellschaft","MISC","0056.jpg"
"603","text56",6,"Postfach","MISC","0056.jpg"
"604","text56",6,"Basel","MISC","0056.jpg"
"605","text56",8,"Navibale","ORG","0056.jpg"
"606","text56",8,"Postcheck-","MISC","0056.jpg"
"607","text56",8,"Basler","PER","0056.jpg"
"608","text56",8,"Schweizerischer_Bankverein","ORG","0056.jpg"
"609","text56",8,"Basel","LOC","0056.jpg"
"610","text56",10,"Verkehrsverein","LOC","0056.jpg"
"611","text56",14,"BASLER","ORG","0056.jpg"
"612","text56",15,"RHEINSCHIFFAERT-AKTIENGESELLSCHAFT","ORG","0056.jpg"
"613","text57",1,"IligA_.S","MISC","0057.jpg"
"614","text57",2,"Leasg_
","MISC","0057.jpg"
"615","text57",2,"A-JudsllidoeniedN","MISC","0057.jpg"
"616","text57",2,"C","MISC","0057.jpg"
"617","text57",3,"TA_RS11s2:nodgoleT_
","ORG","0057.jpg"
"618","text57",4,"S1O","MISC","0057.jpg"
"619","text57",6,"Hendl","PER","0057.jpg"
"620","text57",6,"reb_HI","MISC","0057.jpg"
"621","text57",6,"HleieverdeieV","MISC","0057.jpg"
"622","text57",10,".emdshelntnmel_.Iieg","MISC","0057.jpg"
"623","text57",10,"Heblelllens_
","MISC","0057.jpg"
"624","text57",10,"T_
","MISC","0057.jpg"
"625","text57",10,"LK2AOESITIA-THHATTIHOAHIAHS","MISC","0057.jpg"
"626","text58",1,"Basel","LOC","0058.jpg"
"627","text58",5,"BASLER","ORG","0058.jpg"
"628","text58",8,"u_
_Botrifft_Schiffahrt_Basel-Rheinfelden","MISC","0058.jpg"
"629","text58",9,"Basel","LOC","0058.jpg"
"630","text58",9,"Rheinfelden_dieses_Jahr","MISC","0058.jpg"
"631","text58",10,"Rheinfelden","LOC","0058.jpg"
"632","text58",11,"Basler","LOC","0058.jpg"
"633","text58",12,"unserm_Preisangebot","LOC","0058.jpg"
"634","text58",13,"Schiffes","ORG","0058.jpg"
"635","text58",14,"Basel","LOC","0058.jpg"
"636","text58",14,"Rheinfelden","LOC","0058.jpg"
"637","text58",15,"Basler_Per-","MISC","0058.jpg"
"638","text58",15,"Basel","LOC","0058.jpg"
"639","text58",15,"Rheinfelden","LOC","0058.jpg"
"640","text58",16,"Stadt_Rheinfelden","LOC","0058.jpg"
"641","text58",16,"Personenschiffahrts-_
","ORG","0058.jpg"
"642","text59",2,"Basler","LOC","0059.jpg"
"643","text59",3,"Schiffspark","LOC","0059.jpg"
"644","text59",3,"Basel","LOC","0059.jpg"
"645","text59",3,"Kheinfelden","MISC","0059.jpg"
"646","text59",6,"Rhein-_
","MISC","0059.jpg"
"647","text59",7,"Rheinfelden","LOC","0059.jpg"
"648","text59",10,"unserm","LOC","0059.jpg"
"649","text59",10,"Rheinfolden","LOC","0059.jpg"
"650","text59",12,"Kraft","LOC","0059.jpg"
"651","text59",12,"Basler_
","MISC","0059.jpg"
"652","text60",1,"Verkehrsverein","LOC","0060.jpg"
"653","text60",1,"Rheinfelden","LOC","0060.jpg"
"654","text60",2,"Verkehrsbe-_
_ziehungen","ORG","0060.jpg"
"655","text60",2,"Shein","LOC","0060.jpg"
"656","text60",2,"Basel","LOC","0060.jpg"
"657","text60",2,"Rheinfelden","LOC","0060.jpg"
"658","text60",3,"Fahrpreis_Basel","LOC","0060.jpg"
"659","text60",3,"Rheinfelden","LOC","0060.jpg"
"660","text60",3,"Jahr_auf_Fr.","MISC","0060.jpg"
"661","text60",8,"RHEINSCHIFFAHRT-AKTIENGESELLSCHAFT","ORG","0060.jpg"
"662","text60",8,"Basler_Personenschiffahrtsgesellschaft","ORG","0060.jpg"
"663","text60",8,"Basel","LOC","0060.jpg"
"664","text61",2,"Basler","LOC","0061.jpg"
"665","text61",2,"Basel","ORG","0061.jpg"
"666","text61",4,"Rheinschiffahrt-Aktiengesellschaft","MISC","0061.jpg"
"667","text61",6,"Postfach","MISC","0061.jpg"
"668","text61",6,"Basel_I","MISC","0061.jpg"
"669","text61",8,"Navibale_
","MISC","0061.jpg"
"670","text61",8,"Basler","PER","0061.jpg"
"671","text61",8,"Schweizerischer_Bankverein","ORG","0061.jpg"
"672","text61",8,"Basel","LOC","0061.jpg"
"673","text61",8,"Basel","ORG","0061.jpg"
"674","text61",13,"Herrn_Oettinger","PER","0061.jpg"
"675","text61",15,"Fr._100.000.-","MISC","0061.jpg"
"676","text61",17,"Basel","LOC","0061.jpg"
"677","text61",17,"Rhein-","LOC","0061.jpg"
"678","text61",18,"Rhein-_
","LOC","0061.jpg"
"679","text61",19,"Anschluss","MISC","0061.jpg"
"680","text61",19,"Basel","LOC","0061.jpg"
"681","text61",19,"Rheinfelden","LOC","0061.jpg"
"682","text62",1,"Basler_Personenschiffahrtsgesellschaft","MISC","0062.jpg"
"683","text62",1,"Basel","LOC","0062.jpg"
"684","text62",7,"Basel","LOC","0062.jpg"
"685","text62",9,"nieder-_
","MISC","0062.jpg"
"686","text62",9,"Herrn_Oettinger","PER","0062.jpg"
"687","text62",10,"BASLER","ORG","0062.jpg"
"688","text62",11,"NSCHIFFAHRT-AKTIENGESELLSCHAFT","MISC","0062.jpg"
"689","text62",13,"Gu","MISC","0062.jpg"
"690","text63",1,"Basel","LOC","0063.jpg"
"691","text63",8,"Ihres_Geehrten","MISC","0063.jpg"
"692","text63",10,"Anschluss","MISC","0063.jpg"
"693","text63",10,"Basel","LOC","0063.jpg"
"694","text63",13,"Basler_Personenschiffahrtsgesellschaft","MISC","0063.jpg"
"695","text64",2,"Basel","LOC","0064.jpg"
"696","text64",11,"EERSORENSCHIFFARRTSGESELLSCHAFT","MISC","0064.jpg"
"697","text65",1,"Basel","LOC","0065.jpg"
"698","text65",3,"Basler","PER","0065.jpg"
"699","text65",5,"Rheinschiffahrt-Aktiengesellschaft","MISC","0065.jpg"
"700","text65",6,"Postfach","MISC","0065.jpg"
"701","text65",6,"Basel","MISC","0065.jpg"
"702","text65",9,"Navibale_
","MISC","0065.jpg"
"703","text65",9,"Basler","PER","0065.jpg"
"704","text65",9,"Schweizgrischer_Bankverein","ORG","0065.jpg"
"705","text65",9,"Basel","LOC","0065.jpg"
"706","text65",9,"Basel","ORG","0065.jpg"
"707","text65",14,"Unserm","LOC","0065.jpg"
"708","text65",16,"Rheinfelden","LOC","0065.jpg"
"709","text65",21,"Basel","ORG","0065.jpg"
"710","text65",21,"Rheinfelden","ORG","0065.jpg"
"711","text66",1,"Basler_Personenschiffahrtsgesellschaft","MISC","0066.jpg"
"712","text66",1,"Basel","LOC","0066.jpg"
"713","text66",3,"Basel","LOC","0066.jpg"
"714","text66",3,"Rheinfelden","LOC","0066.jpg"
"715","text66",6,"BASLER","ORG","0066.jpg"
"716","text66",7,"INSCHIFFAHRT-AKTIENGESZLLSCHAFT","MISC","0066.jpg"
"717","text67",1,"Basel","ORG","0067.jpg"
"718","text67",4,"Basler_Rheinschiffahrt-Aktiengesellschaft","MISC","0067.jpg"
"719","text67",4,"Basel","ORG","0067.jpg"
"720","text67",4,"Ihres_Geehrten","MISC","0067.jpg"
"721","text67",4,"Rheinfelden","LOC","0067.jpg"
"722","text67",8,"Die_Personenschiffahrt","MISC","0067.jpg"
"723","text67",8,"Rhein-_
","MISC","0067.jpg"
"724","text67",8,"Brem-_
","MISC","0067.jpg"
"725","text67",10,"Fr.","LOC","0067.jpg"
"726","text68",3,"bar","LOC","0068.jpg"
"727","text68",6,"Basler_
","MISC","0068.jpg"
"728","text69",1,"Basel","LOC","0069.jpg"
"729","text69",3,"Basler_
","MISC","0069.jpg"
"730","text69",4,"Rheinschiffahrt-Aktiengesellschaft","MISC","0069.jpg"
"731","text69",5,"Postfach","MISC","0069.jpg"
"732","text69",5,"Basel_I","MISC","0069.jpg"
"733","text69",7,"Navibale","ORG","0069.jpg"
"734","text69",7,"Postcheck-","MISC","0069.jpg"
"735","text69",8,"Herrn_Oettinger","PER","0069.jpg"
"736","text69",8,"Schweizerischer_Bankverein","ORG","0069.jpg"
"737","text69",8,"Basel","LOC","0069.jpg"
"738","text69",9,"RM","MISC","0069.jpg"
"739","text69",11,"Rhein","LOC","0069.jpg"
"740","text69",11,"Kantons_Baselland","LOC","0069.jpg"
"741","text69",14,"BASLER","ORG","0069.jpg"
"742","text69",15,"RHEINSCHIFFAHRT-AKTIENGESELLSCHAFT_

_V_Wug","MISC","0069.jpg"
"743","text70",2,"Basler","LOC","0070.jpg"
"744","text70",5,"te¬_
","MISC","0070.jpg"
"745","text70",5,"Vertragsentwurfs","LOC","0070.jpg"
"746","text70",7,"Basel-Stadt","LOC","0070.jpg"
"747","text70",7,"betr.","MISC","0070.jpg"
"748","text70",7,"Landungssteg","LOC","0070.jpg"
"749","text70",13,"Basel¬","MISC","0070.jpg"
"750","text70",13,"Basel-Stadt","ORG","0070.jpg"
"751","text70",14,"Nagegen","LOC","0070.jpg"
"752","text70",14,"Hargau","PER","0070.jpg"
"753","text70",17,"Ee","LOC","0070.jpg"
"754","text71",1,"Vertrag_
","MISC","0071.jpg"
"755","text71",1,"Basel","LOC","0071.jpg"
"756","text71",2,"Basel","LOC","0071.jpg"
"757","text71",2,"Basler","LOC","0071.jpg"
"758","text71",6,"Basler","ORG","0071.jpg"
"759","text71",6,"Fr.105.864.65","PER","0071.jpg"
"760","text71",8,"Landungsstege","MISC","0071.jpg"
"761","text71",8,"Vertrages","MISC","0071.jpg"
"762","text71",8,"Stichtag_5.April","MISC","0071.jpg"
"763","text71",10,"Basler","ORG","0071.jpg"
"764","text71",10,"Basel-Rhein-","LOC","0071.jpg"
"765","text71",12,"Basler","ORG","0071.jpg"
"766","text71",13,"Art.4.","PER","0071.jpg"
"767","text71",14,"Die_Personenschiffahrt","MISC","0071.jpg"
"768","text71",14,"nächsten_
","MISC","0071.jpg"
"769","text71",14,"Basel","LOC","0071.jpg"
"770","text72",1,"-2-_
","ORG","0072.jpg"
"771","text72",1,"Basel","LOC","0072.jpg"
"772","text72",4,"Art.3","LOC","0072.jpg"
"773","text72",6,"Basler","LOC","0072.jpg"
"774","text72",7,"jue_
_Partei","ORG","0072.jpg"
"775","text72",8,"Zivilgerichts_Basel","LOC","0072.jpg"
"776","text72",9,"Art.6._
","MISC","0072.jpg"
"777","text72",10,"Basler","ORG","0072.jpg"
"778","text72",11,"Gesellschaft_be-","ORG","0072.jpg"
"779","text72",11,"Basler","LOC","0072.jpg"
"780","text72",11,"Freifahrt","MISC","0072.jpg"
"781","text72",12,"Art.7.","PER","0072.jpg"
"782","text72",13,"Der_Personenschiffahrt","MISC","0072.jpg"
"783","text72",13,"Basler","ORG","0072.jpg"
"784","text72",13,"Rheinfelden","LOC","0072.jpg"
"785","text72",16,"schweizerischen","MISC","0072.jpg"
"786","text72",16,"Obligationenrechts","LOC","0072.jpg"
"787","text72",17,"Vertrages","LOC","0072.jpg"
"788","text72",17,"Basel","LOC","0072.jpg"
"789","text73",1,"Basler","ORG","0073.jpg"
"790","text73",1,"Basel","ORG","0073.jpg"
"791","text73",3,"Rheinschiffahrt-Aktiengesellschaft","MISC","0073.jpg"
"792","text73",5,"Postfach","MISC","0073.jpg"
"793","text73",5,"Basel_I","MISC","0073.jpg"
"794","text73",7,"Navibale","ORG","0073.jpg"
"795","text73",7,"Postcheck-","MISC","0073.jpg"
"796","text73",8,"Max_Oettinger","PER","0073.jpg"
"797","text73",8,"Verkehrsbureau","PER","0073.jpg"
"798","text73",8,"Schweizerischer_Bankverein","ORG","0073.jpg"
"799","text73",8,"Basel","LOC","0073.jpg"
"800","text73",8,"Basel","ORG","0073.jpg"
"801","text73",10,"Ihres_Schreibens","MISC","0073.jpg"
"802","text73",10,"ds","MISC","0073.jpg"
"803","text73",13,"BASLER","ORG","0073.jpg"
"804","text73",14,"RHEINSCHIFFAHRT-AKTIENGESELLSCHAFT","MISC","0073.jpg"
"805","text74",3,"RHEINQUELLEN","MISC","0074.jpg"
"806","text74",6,"generös","LOC","0074.jpg"
"807","text74",7,"Basler_Perso¬","MISC","0074.jpg"
"808","text74",8,"ge¬","PER","0074.jpg"
"809","text74",9,"Basler_Personenschiff","ORG","0074.jpg"
"810","text74",9,"Basel","LOC","0074.jpg"
"811","text74",9,"Basler_Rheinschiffahrts¬_
_Rheinfelden","ORG","0074.jpg"
"812","text74",9,"angebo¬_
_hiezu","PER","0074.jpg"
"813","text74",9,"die¬","PER","0074.jpg"
"814","text74",10,"Basler_Personenschiffahrtsgesellschaft","MISC","0074.jpg"
"815","text74",11,"Bootes_«_Rheinfelden","ORG","0074.jpg"
"816","text74",11,"Zeit","MISC","0074.jpg"
"817","text74",11,"All_
","MISC","0074.jpg"
"818","text74",13,"Basel","LOC","0074.jpg"
"819","text74",13,"Schweizerwoche-Verbandes_voll¬","MISC","0074.jpg"
"820","text74",14,"hinüber¬_
","MISC","0074.jpg"
"821","text74",14,"Schweiz","LOC","0074.jpg"
"822","text74",15,"Schiffs¬_
","MISC","0074.jpg"
"823","text74",16,"Augst","LOC","0074.jpg"
"824","text74",16,"Buss_A.-G.","ORG","0074.jpg"
"825","text74",16,"Gebr._Sulzer","PER","0074.jpg"
"826","text74",17,"Be¬","PER","0074.jpg"
"827","text74",17,"Auftrag","LOC","0074.jpg"
"828","text74",19,"Basler_Rhein¬_
","MISC","0074.jpg"
"829","text74",19,"Basler","LOC","0074.jpg"
"830","text74",21,"ein¬_
","MISC","0074.jpg"
"831","text74",22,"mühe¬_
","PER","0074.jpg"
"832","text74",22,"Kanal¬_
_los","MISC","0074.jpg"
"833","text74",22,"Hüningen","LOC","0074.jpg"
"834","text74",22,"Basler","LOC","0074.jpg"
"835","text74",23,"be¬","LOC","0074.jpg"
"836","text74",24,"Fahrgelegenhei¬_
","MISC","0074.jpg"
"837","text74",27,"Deutsch","MISC","0074.jpg"
"838","text74",28,"Bas¬","MISC","0074.jpg"
"839","text74",29,"Basler_Personenschiffahrtsgesellschaft","MISC","0074.jpg"
"840","text74",30,"gün¬","PER","0074.jpg"
"841","text74",31,"Personenschiff¬_
","MISC","0074.jpg"
"842","text74",31,"selbst¬","PER","0074.jpg"
"843","text74",31,"Basler_Personenschiffahrtsgesell¬","MISC","0074.jpg"
"844","text74",33,"Kembser_Werkes","LOC","0074.jpg"
"845","text74",33,"Rheines","MISC","0074.jpg"
"846","text74",33,"Betriebs¬","MISC","0074.jpg"
"847","text74",33,"Basler","LOC","0074.jpg"
"848","text74",33,"Bas¬","MISC","0074.jpg"
"849","text74",33,"Wandlungen_brin¬","MISC","0074.jpg"
"850","text74",33,"Basler_Rhein¬_
","MISC","0074.jpg"
"851","text74",33,"un_
","PER","0074.jpg"
"852","text74",34,"Betriebsgemein¬","MISC","0074.jpg"
"853","text74",34,"Oberrhein","LOC","0074.jpg"
"854","text74",34,"Personen¬","ORG","0074.jpg"
"855","text74",35,"Rhein¬_
","MISC","0074.jpg"
"856","text74",35,"Bootes_«_Rheinfelden","ORG","0074.jpg"
"857","text74",36,"da¬_
","MISC","0074.jpg"
"858","text74",36,"Anstoss","PER","0074.jpg"
"859","text74",36,"Hüningen","LOC","0074.jpg"
"860","text74",36,"Kanal¬_
","MISC","0074.jpg"
"861","text74",37,"Rhein","LOC","0074.jpg"
"862","text74",38,"Basler_
","MISC","0074.jpg"
"863","text74",39,"Be¬","PER","0074.jpg"
"864","text74",39,"Basler","LOC","0074.jpg"
"865","text74",40,"Basler","LOC","0074.jpg"
"866","text74",40,"un¬_
","MISC","0074.jpg"
"867","text75",2,"RHEINQUELLEN_
","MISC","0075.jpg"
"868","text75",3,"Hiezu","LOC","0075.jpg"
"869","text75",3,"Schiffs¬_
","MISC","0075.jpg"
"870","text75",4,"Betriebsausgaben","LOC","0075.jpg"
"871","text75",4,"39,443.—","MISC","0075.jpg"
"872","text75",4,"Fr._
_Albatros","LOC","0075.jpg"
"873","text75",5,"Verkaufssümme_er¬","MISC","0075.jpg"
"874","text75",5,"Ge¬_
","LOC","0075.jpg"
"875","text75",6,"ne_
_7","MISC","0075.jpg"
"876","text75",8,"Kehler","LOC","0075.jpg"
"877","text75",9,"Binnenwasserstrassen","LOC","0075.jpg"
"878","text75",10,"Freiburger","MISC","0075.jpg"
"879","text75",12,"Strassburger","LOC","0075.jpg"
"880","text75",14,"schwei¬_
_kanal","ORG","0075.jpg"
"881","text75",14,"Basel","LOC","0075.jpg"
"882","text75",15,"Kehler","LOC","0075.jpg"
"883","text75",15,"Basel","LOC","0075.jpg"
"884","text75",15,"Basel-Stadt","ORG","0075.jpg"
"885","text75",15,"Rheinschiffahrtsdirek_
","MISC","0075.jpg"
"886","text75",15,"Justizdepartements","LOC","0075.jpg"
"887","text75",17,"Rheinschiffahrts_
_Baden","MISC","0075.jpg"
"888","text75",17,"Reich","LOC","0075.jpg"
"889","text75",17,"Kehler_Hafens","LOC","0075.jpg"
"890","text75",18,"schweizerische_Rheinstrecke","LOC","0075.jpg"
"891","text75",18,"Rheins","LOC","0075.jpg"
"892","text75",18,"Kehl","LOC","0075.jpg"
"893","text75",18,"Eisenbahnoberrat","ORG","0075.jpg"
"894","text75",18,"Rhein¬","LOC","0075.jpg"
"895","text75",18,"Sinngrün","LOC","0075.jpg"
"896","text75",18,"Karlsruhe","MISC","0075.jpg"
"897","text75",18,"Basel","LOC","0075.jpg"
"898","text75",19,"sichtlichen","MISC","0075.jpg"
"899","text75",19,"Rhein¬_
","MISC","0075.jpg"
"900","text75",19,"Gegenwar","PER","0075.jpg"
"901","text75",20,"Rhein","LOC","0075.jpg"
"902","text75",20,"Rheinbrücke","LOC","0075.jpg"
"903","text75",20,"Ausbaues_des_Strassburger_Hafens","MISC","0075.jpg"
"904","text75",20,"Rhein","LOC","0075.jpg"
"905","text75",20,"Breisach","LOC","0075.jpg"
"906","text75",21,"Rheins","LOC","0075.jpg"
"907","text75",21,"Breisach","LOC","0075.jpg"
"908","text75",21,"Jerkehrsvereins_Breisach","PER","0075.jpg"
"909","text75",21,"badischen","MISC","0075.jpg"
"910","text75",22,"Reiches","LOC","0075.jpg"
"911","text75",23,"Be¬","PER","0075.jpg"
"912","text75",24,"Breisach","LOC","0075.jpg"
"913","text75",24,"grosse_
_für_Fracht-_und_Personendampfer","ORG","0075.jpg"
"914","text75",24,"Breisacher","LOC","0075.jpg"
"915","text75",24,"fur","MISC","0075.jpg"
"916","text75",25,"Kehl","PER","0075.jpg"
"917","text75",25,"Freiburger","MISC","0075.jpg"
"918","text75",25,"Breis¬_
","MISC","0075.jpg"
"919","text75",25,"Rhein","LOC","0075.jpg"
"920","text75",25,"Kinzigbogen","LOC","0075.jpg"
"921","text75",27,"Strassburgs","LOC","0075.jpg"
"922","text75",31,"Er¬","LOC","0075.jpg"
"923","text75",31,"Strassburg","LOC","0075.jpg"
"924","text75",32,"Strassburg","LOC","0075.jpg"
"925","text75",32,"Frankreichs","LOC","0075.jpg"
"926","text75",34,"durchhal","ORG","0075.jpg"
"927","text75",37,"Eisenerz¬_
","ORG","0075.jpg"
"928","text75",38,"hinzurechnet","PER","0075.jpg"
"929","text75",39,"Rhein","LOC","0075.jpg"
"930","text75",41,"Kehler_Hafens","LOC","0075.jpg"
"931","text75",43,"Karlsruher","MISC","0075.jpg"
"932","text75",43,"Rheinhafen","LOC","0075.jpg"
"933","text75",45,"Tonner","PER","0075.jpg"
"934","text75",45,"Karlsruher","MISC","0075.jpg"
"935","text75",45,"Rheinhafen","LOC","0075.jpg"
"936","text75",45,"jehnlichen","MISC","0075.jpg"
"937","text75",46,"der¬","PER","0075.jpg"
"938","text75",46,"Koh¬_
","MISC","0075.jpg"
"939","text75",47,"Rhein—Herne-Kanals","MISC","0075.jpg"
"940","text75",48,"Im_Jahre_1927","MISC","0075.jpg"
"941","text75",48,"Millio¬","MISC","0075.jpg"
"942","text75",48,"Friedens_
_vom_Inneren","MISC","0075.jpg"
"943","text75",49,"Durcl_
","MISC","0075.jpg"
"944","text75",50,"Rhein—Rhone-Kanals","MISC","0075.jpg"
"945","text75",50,"Mülhausen","LOC","0075.jpg"
"946","text75",51,"be¬","LOC","0075.jpg"
"947","text75",52,"Karls¬_
","MISC","0075.jpg"
"948","text75",52,"Hüninger_Schleuse","LOC","0075.jpg"
"949","text75",52,"Basel","LOC","0075.jpg"
"950","text75",53,"Karlsruher","MISC","0075.jpg"
"951","text75",55,"Konkurrenz-Hafen","MISC","0075.jpg"
"952","text75",55,"Erweiterung","ORG","0075.jpg"
"953","text75",55,"Rhein¬","ORG","0075.jpg"
"954","text75",55,"Strassburg","LOC","0075.jpg"
"955","text75",55,"gan_
_hafens","ORG","0075.jpg"
"956","text75",55,"Umschlagseinrichtun¬_
","MISC","0075.jpg"
"957","text75",55,"deutscher","MISC","0075.jpg"
"958","text75",55,"Reicl_
","MISC","0075.jpg"
"959","text75",56,"Kinzig","LOC","0075.jpg"
"960","text75",56,"wa¬","PER","0075.jpg"
"961","text75",57,"Krieg","MISC","0075.jpg"
"962","text75",57,"Rheinhafen","LOC","0075.jpg"
"963","text75",57,"Pont_d’_Anvers","LOC","0075.jpg"
"964","text75",60,"Karlsruher","MISC","0075.jpg"
"965","text75",60,"Hafenmün¬","MISC","0075.jpg"
"966","text75",60,"Maxau-Maximiliansauer_Schiffsbrücke","LOC","0075.jpg"
"967","text75",62,"holländi_
","MISC","0075.jpg"
"968","text75",62,"Rheinschiff¬_
","MISC","0075.jpg"
"969","text75",63,"Karlsruher_Stichkanals","ORG","0075.jpg"
"970","text75",64,"Die_Zukunft_des","MISC","0075.jpg"
"971","text75",64,"Kehler_Hafens","LOC","0075.jpg"
"972","text75",65,"laufen¬_
_Schiffbrücke","LOC","0075.jpg"
"973","text75",65,"Maxau","PER","0075.jpg"
"974","text75",65,"Kehler","LOC","0075.jpg"
"975","text75",65,"Ha_
","MISC","0075.jpg"
"976","text75",65,"Stichkanal","LOC","0075.jpg"
"977","text75",65,"Maxau","LOC","0075.jpg"
"978","text75",65,"Fahr_
_fens","MISC","0075.jpg"
"979","text75",65,"Strassburger","LOC","0075.jpg"
"980","text75",66,"Stichkanal","LOC","0075.jpg"
"981","text75",66,"Schiffbrücke","LOC","0075.jpg"
"982","text75",67,"badischen","MISC","0075.jpg"
"983","text76",1,"t_
_Basel","MISC","0076.jpg"
"984","text76",4,"Basler","PER","0076.jpg"
"985","text76",5,"Rheinschiffahrt-Aktiengesellschaft","MISC","0076.jpg"
"986","text76",6,"Postfach","MISC","0076.jpg"
"987","text76",6,"Basel","MISC","0076.jpg"
"988","text76",9,"Navibale_
_Postcheck-Konto_V","MISC","0076.jpg"
"989","text76",9,"Herrn_Dr._Max_Vischer","PER","0076.jpg"
"990","text76",9,"Schweizerischer_Bankverein","ORG","0076.jpg"
"991","text76",9,"Basel","LOC","0076.jpg"
"992","text76",9,"Basel","ORG","0076.jpg"
"993","text76",10,"St._Albangraben","LOC","0076.jpg"
"994","text76",12,"No","LOC","0076.jpg"
"995","text76",13,"Basel","LOC","0076.jpg"
"996","text76",13,"Rheinfelden","LOC","0076.jpg"
"997","text76",13,"Schrift-_
","MISC","0076.jpg"
"998","text76",13,"Jean_Richard_Frey","PER","0076.jpg"
"999","text76",14,"Frey","ORG","0076.jpg"
"1000","text76",17,"Frey","ORG","0076.jpg"
"1001","text76",19,"BASLER","ORG","0076.jpg"
"1002","text76",20,"RHALNSCHHFAHRT-AXTIENGESELISCHAFT_

_W","MISC","0076.jpg"
"1003","text77",1,"R_/_M","MISC","0077.jpg"
"1004","text77",2,"Basler","LOC","0077.jpg"
"1005","text77",2,"Rheinschiffahrt-Aktiengesellschaft","MISC","0077.jpg"
"1006","text77",2,"Basel","ORG","0077.jpg"
"1007","text77",4,"W._Stauffacher","PER","0077.jpg"
"1008","text77",4,"Vereins_für_die_Schiffahrt","ORG","0077.jpg"
"1009","text77",4,"Oberrhein","LOC","0077.jpg"
"1010","text77",4,"Basel","LOC","0077.jpg"
"1011","text77",6,"No.4_der_Rheinquellen","MISC","0077.jpg"
"1012","text77",9,"dar-_
","MISC","0077.jpg"
"1013","text77",9,"Jean_Richard","PER","0077.jpg"
"1014","text77",9,"Frey","ORG","0077.jpg"
"1015","text77",11,"BASLER","ORG","0077.jpg"
"1016","text77",12,"RHEINSCHIFFAHRT-AKTIENGESELLSCHAFT","MISC","0077.jpg"
"1017","text77",14,"Groschupf","PER","0077.jpg"
"1018","text77",15,"Ritter","PER","0077.jpg"
"1019","text78",1,"Abschrift","LOC","0078.jpg"
"1020","text78",4,"Basler_Rheinschiffahrts-A.G.","ORG","0078.jpg"
"1021","text78",4,"BASEL","ORG","0078.jpg"
"1022","text78",5,"W._Stauffacher","PER","0078.jpg"
"1023","text78",6,"Die_Rheinquellen","MISC","0078.jpg"
"1024","text78",10,"No","LOC","0078.jpg"
"1025","text78",11,"Aenderungen","ORG","0078.jpg"
"1026","text78",11,"Personenschiffahrt_Basel-Rheinfelden","ORG","0078.jpg"
"1027","text78",12,"Usancen","PER","0078.jpg"
"1028","text79",2,"Basler","LOC","0079.jpg"
"1029","text79",2,"Basel","ORG","0079.jpg"
"1030","text79",4,"Rheinschiffahrt-Aktiengesellschaft","MISC","0079.jpg"
"1031","text79",6,"Postfach_Basel","ORG","0079.jpg"
"1032","text79",9,"Basler","PER","0079.jpg"
"1033","text79",10,"Navibale","ORG","0079.jpg"
"1034","text79",10,"Postcheck-","MISC","0079.jpg"
"1035","text79",10,"Basel","LOC","0079.jpg"
"1036","text79",10,"Schweizerischer_Bankverein","ORG","0079.jpg"
"1037","text79",10,"Basel","LOC","0079.jpg"
"1038","text79",12,"Jhres_Guthabens","ORG","0079.jpg"
"1039","text79",12,"Basel","LOC","0079.jpg"
"1040","text79",14,"Basler","LOC","0079.jpg"
"1041","text79",14,"rPortelestr","MISC","0079.jpg"
"1042","text80",2,"Basler","PER","0080.jpg"
"1043","text80",3,"Basel","LOC","0080.jpg"
"1044","text80",9,"V_
","MISC","0080.jpg"
"1045","text80",13,"Jahresprämie_Fr.275.55","PER","0080.jpg"
"1046","text80",17,"11'x","MISC","0080.jpg"
"1047","text80",19,"Jhren_Gunsten","PER","0080.jpg"
"1048","text80",19,"oUrnasol","MISC","0080.jpg"
"1049","text81",1,"Basel","LOC","0081.jpg"
"1050","text81",4,"Basel","ORG","0081.jpg"
"1051","text81",5,"M_
","MISC","0081.jpg"
"1052","text81",5,"Ihres_Schreibens_
","MISC","0081.jpg"
"1053","text81",5,"Basel","LOC","0081.jpg"
"1054","text81",12,"Ches","MISC","0081.jpg"
"1055","text82",1,"ABSCHRIFT","ORG","0082.jpg"
"1056","text82",2,"Basel","ORG","0082.jpg"
"1057","text82",4,"Basler_Rheinschiffahrt_-Aktiengesellschaft","MISC","0082.jpg"
"1058","text82",4,"Basel","ORG","0082.jpg"
"1059","text82",6,"Basel","LOC","0082.jpg"
"1060","text82",9,"Herrn_Jean","PER","0082.jpg"
"1061","text82",9,"Richard_Frey","PER","0082.jpg"
"1062","text83",3,"Basler_Rhein-_
","ORG","0083.jpg"
"1063","text83",3,"Schweiz","LOC","0083.jpg"
"1064","text83",4,"Bankverein","MISC","0083.jpg"
"1065","text83",8,"telephonische","MISC","0083.jpg"
"1066","text83",11,"Basler","LOC","0083.jpg"
"1067","text83",11,"d.d.3","LOC","0083.jpg"
"1068","text83",11,"Abschrift","LOC","0083.jpg"
"1069","text83",12,"Rhein-_
","MISC","0083.jpg"
"1070","text83",12,"Richard_Frey","PER","0083.jpg"
"1071","text83",12,"Aenderungen","ORG","0083.jpg"
"1072","text83",12,"Basel-Rheinfelden","MISC","0083.jpg"
"1073","text83",13,"Frey","ORG","0083.jpg"
"1074","text84",1,"Basler","LOC","0084.jpg"
"1075","text84",1,"sonder","ORG","0084.jpg"
"1076","text84",2,"Gesellschaft_im_Jahre_1926","ORG","0084.jpg"
"1077","text84",2,"gewe_
","ORG","0084.jpg"
"1078","text84",2,"Fahrplan_Hand","ORG","0084.jpg"
"1079","text84",4,"Sodann","PER","0084.jpg"
"1080","text84",4,"Herrn_Frey","PER","0084.jpg"
"1081","text84",4,"Frey_
","MISC","0084.jpg"
"1082","text85",1,"Basler","LOC","0085.jpg"
"1083","text85",1,"A.-G._
","PER","0085.jpg"
"1084","text85",6,"Oberrhein","LOC","0085.jpg"
"1085","text85",6,"Schweizerischen_Bankverein","ORG","0085.jpg"
"1086","text87",1,"Basel","LOC","0087.jpg"
"1087","text87",3,"Werner_Stauffacher","PER","0087.jpg"
"1088","text87",4,"Vereins_für_die_Schiffahrt","ORG","0087.jpg"
"1089","text87",4,"Oberrhein","LOC","0087.jpg"
"1090","text87",4,"Basel","LOC","0087.jpg"
"1091","text87",7,"Abschrift","LOC","0087.jpg"
"1092","text87",7,"Basler","LOC","0087.jpg"
"1093","text87",9,"Präs","PER","0087.jpg"
"1094","text87",9,"Basler","LOC","0087.jpg"
"1095","text87",9,"A.-G.","LOC","0087.jpg"
"1096","text87",9,"Rheinschiffahrt_A.-G.","LOC","0087.jpg"
"1097","text87",9,"Herrn_Groschupf","LOC","0087.jpg"
"1098","text87",10,"Schweizerische_Bankverein","ORG","0087.jpg"
"1099","text87",10,"Oberrhein","LOC","0087.jpg"
"1100","text87",11,"Oberrhein","LOC","0087.jpg"
"1101","text87",11,"Schweizerische","MISC","0087.jpg"
"1102","text87",12,"Herrn_Groschupf","LOC","0087.jpg"
"1103","text88",1,"-2.","MISC","0088.jpg"
"1104","text88",1,"Herrn_Dr._Speich","PER","0088.jpg"
"1105","text88",3,"vorzüglicher","MISC","0088.jpg"
"1106","text89",2,"SPEICH","MISC","0089.jpg"
"1107","text89",3,"EP_
","ORG","0089.jpg"
"1108","text89",5,"Herrn_Dr._Max_Vischer","PER","0089.jpg"
"1109","text89",6,"BASEL","ORG","0089.jpg"
"1110","text89",9,"Zuschrift","MISC","0089.jpg"
"1111","text89",10,"Basler_Rhein-_
","MISC","0089.jpg"
"1112","text89",10,"A.G.","PER","0089.jpg"
"1113","text89",10,"Rheinquellen","ORG","0089.jpg"
"1114","text89",12,"Basler_Rhein-_
","LOC","0089.jpg"
"1115","text89",12,"A.G.","LOC","0089.jpg"
"1116","text89",12,"An-_
","MISC","0089.jpg"
"1117","text89",12,"Personenschiffahrtsgenossenschaft_
","MISC","0089.jpg"
"1118","text89",13,"aufgedrängt","ORG","0089.jpg"
"1119","text89",13,"Rheinquellen","ORG","0089.jpg"
"1120","text89",15,"Frey","ORG","0089.jpg"
"1121","text89",16,"Herrn_Frey","PER","0089.jpg"
"1122","text90",2,"Basler_Rhein-_
","ORG","0090.jpg"
"1123","text90",4,"Basler","LOC","0090.jpg"
"1124","text90",5,"Personenschiffahrtsgenossenschaft","MISC","0090.jpg"
"1125","text90",5,"Basler","LOC","0090.jpg"
"1126","text90",5,"Rheinschiffahrt_A.G.","LOC","0090.jpg"
"1127","text90",6,"Frey_
","MISC","0090.jpg"
"1128","text90",7,"Basler","LOC","0090.jpg"
"1129","text90",7,"Rheinschiffahrt_A.G.","LOC","0090.jpg"
"1130","text91",1,"KLUSERSTRASSE","ORG","0091.jpg"
"1131","text91",4,"den29.Mai","ORG","0091.jpg"
"1132","text91",7,"iles","PER","0091.jpg"
"1133","text91",7,"Herrn_Dr._Max_Vischer","PER","0091.jpg"
"1134","text91",7,"t_
_edoln_
_a_
","MISC","0091.jpg"
"1135","text91",8,"8._
_loes_
","MISC","0091.jpg"
"1136","text91",10,"BASEL","ORG","0091.jpg"
"1137","text91",18,"alfa_
_oe_nodeedles_ol_noleaual_
_Controverse","MISC","0091.jpg"
"1138","text91",18,"Basler","LOC","0091.jpg"
"1139","text91",20,"1ed0","MISC","0091.jpg"
"1140","text91",21,"Jud=11102","MISC","0091.jpg"
"1141","text91",23,"Briefes_
","MISC","0091.jpg"
"1142","text91",23,"Basler_Rheinschiffahrt","LOC","0091.jpg"
"1143","text91",23,"Herrn_Frey","PER","0091.jpg"
"1144","text91",24,"d0_
_V38_
_Ibal","MISC","0091.jpg"
"1145","text91",26,"ted_
","PER","0091.jpg"
"1146","text91",26,"Rheinquellen_
","MISC","0091.jpg"
"1147","text91",26,"na110","MISC","0091.jpg"
"1148","text91",26,"Tone","LOC","0091.jpg"
"1149","text91",26,"Herr_Groschupf","LOC","0091.jpg"
"1150","text91",28,"Tag","MISC","0091.jpg"
"1151","text91",32,"Contro-_
_eol","ORG","0091.jpg"
"1152","text92",1,"gen","MISC","0092.jpg"
"1153","text92",1,"Herrn_Frey","PER","0092.jpg"
"1154","text92",4,"Frey","ORG","0092.jpg"
"1155","text92",4,"Rheinquellen","ORG","0092.jpg"
"1156","text92",4,"Cempagne","LOC","0092.jpg"
"1157","text92",5,"Oberrhein","LOC","0092.jpg"
"1158","text92",7,"Wieso","LOC","0092.jpg"
"1159","text92",9,"Bankvereins_
","MISC","0092.jpg"
"1160","text92",11,"Selbstverständlich","PER","0092.jpg"
"1161","text92",11,"adoln_
_se_
","MISC","0092.jpg"
"1162","text92",13,"Herrn_Groschupf","PER","0092.jpg"
"1163","text92",13,"LM.et","MISC","0092.jpg"
"1164","text92",13,"nov_
_lasse","ORG","0092.jpg"
"1165","text92",20,"vorzüglicher","MISC","0092.jpg"
"1166","text92",21,"ARasfard","ORG","0092.jpg"
"1167","text93",2,"W._Stauffacher","PER","0093.jpg"
"1168","text93",3,"Vereins_für_die_
_Schiffahrt","ORG","0093.jpg"
"1169","text93",3,"Oberrhein","LOC","0093.jpg"
"1170","text93",3,"Basel","LOC","0093.jpg"
"1171","text93",11,"Frey","ORG","0093.jpg"
"1172","text93",12,"Basler_Rheinschiffahrt-Aktienge-","ORG","0093.jpg"
"1173","text93",15,"Abschrift","LOC","0093.jpg"
"1174","text94",1,"Basler_Rheinschiffahrt-Aktiengesell-","ORG","0094.jpg"
"1175","text94",3,"vorzüglicher","MISC","0094.jpg"
"1176","text95",1,"AUSERSTUS","ORG","0095.jpg"
"1177","text95",1,"Basel","LOC","0095.jpg"
"1178","text95",3,"Herrn_Dr._Max_Vischer","PER","0095.jpg"
"1179","text95",4,"ASEL","ORG","0095.jpg"
"1180","text95",6,"Herrn_Dr._Speich","PER","0095.jpg"
"1181","text95",7,"Freilich","PER","0095.jpg"
"1182","text95",9,"Vereins_für_die_Schif-_
","ORG","0095.jpg"
"1183","text95",9,"Oberrhein","LOC","0095.jpg"
"1184","text96",5,"RUDOLF","MISC","0096.jpg"
"1185","text96",7,"BASEL","MISC","0096.jpg"
"1186","text96",9,"TELEPHON","ORG","0096.jpg"
"1187","text96",10,"SAFRAN","ORG","0096.jpg"
"1188","text96",12,"V_168","MISC","0096.jpg"
"1189","text96",13,"Basler_Personenschiffahrtsgesellschaft","MISC","0096.jpg"
"1190","text96",18,"Schiffsbrief_
_Albatros","MISC","0096.jpg"
"1191","text96",19,"Fr._64500.-","ORG","0096.jpg"
"1192","text96",19,"Basler_Transport-Versicherungs-Gesellschaft","ORG","0096.jpg"
"1193","text96",20,"Ich_
_erlaube_mir","MISC","0096.jpg"
"1194","text97",1,"G1918","MISC","0097.jpg"
"1195","text97",3,"RHEINQUELLEN","MISC","0097.jpg"
"1196","text97",5,"1enden_Querschnittes","ORG","0097.jpg"
"1197","text97",7,"Fb","MISC","0097.jpg"
"1198","text97",11,"Ge_
","MISC","0097.jpg"
"1199","text97",12,"Abb._4","LOC","0097.jpg"
"1200","text97",12,"Sohle","LOC","0097.jpg"
"1201","text97",13,"Erosionsstrecke","LOC","0097.jpg"
"1202","text97",14,"we_
_des_Querschnitts","MISC","0097.jpg"
"1203","text97",15,"Höhen¬_
","MISC","0097.jpg"
"1204","text97",16,"Stromabwärts","LOC","0097.jpg"
"1205","text97",16,"Istein","LOC","0097.jpg"
"1206","text97",16,"Det","LOC","0097.jpg"
"1207","text97",18,"Uebereinstim","PER","0097.jpg"
"1208","text97",18,"Stromstrecken","LOC","0097.jpg"
"1209","text97",18,"Fa","LOC","0097.jpg"
"1210","text97",18,"die¬_
","MISC","0097.jpg"
"1211","text97",19,"Kolk","PER","0097.jpg"
"1212","text97",19,"Kernes_Fb","PER","0097.jpg"
"1213","text97",19,"Querschnitts_
_Kiesbank","MISC","0097.jpg"
"1214","text97",21,"Erosionsstrecke","LOC","0097.jpg"
"1215","text97",23,"Ge_
_des_festen_Kerns","MISC","0097.jpg"
"1216","text97",23,"Breisach","LOC","0097.jpg"
"1217","text97",23,"Sondernheim","LOC","0097.jpg"
"1218","text97",23,"Fa_/_Fb","MISC","0097.jpg"
"1219","text97",25,"je¬","MISC","0097.jpg"
"1220","text97",25,"Abflussquerschnitte","LOC","0097.jpg"
"1221","text97",26,"Kernes","LOC","0097.jpg"
"1222","text97",26,"Basel","LOC","0097.jpg"
"1223","text97",26,"Aenderungen","ORG","0097.jpg"
"1224","text97",29,"No","LOC","0097.jpg"
"1225","text97",30,"Auftrag","LOC","0097.jpg"
"1226","text97",30,"unserm_An¬","PER","0097.jpg"
"1227","text97",33,"Personenschiffahris_
","MISC","0097.jpg"
"1228","text97",34,"Betriebsgemein¬","MISC","0097.jpg"
"1229","text97",36,"Ir","MISC","0097.jpg"
"1230","text97",37,"Basler_Personenschiffahrtsgesellschaft","MISC","0097.jpg"
"1231","text97",39,"Basler","LOC","0097.jpg"
"1232","text97",39,"Personenschiff_
_Personenbeförderungsgeschäft","MISC","0097.jpg"
"1233","text97",39,"mög¬","PER","0097.jpg"
"1234","text97",41,"Die¬_
_Schiffahrtsgeschäft","LOC","0097.jpg"
"1235","text97",43,"Geschäftsabtei¬_
","MISC","0097.jpg"
"1236","text97",43,"Internationalen_Ausstellung_für_
_lung","ORG","0097.jpg"
"1237","text97",45,"Zusammen¬_
","MISC","0097.jpg"
"1238","text97",46,"Rheinfelden","ORG","0097.jpg"
"1239","text97",46,"unserm","PER","0097.jpg"
"1240","text97",48,"Perso¬_
","MISC","0097.jpg"
"1241","text97",49,"Rheinfelden","ORG","0097.jpg"
"1242","text97",49,"beschäfti¬_
","ORG","0097.jpg"
"1243","text97",51,"Betriebs¬_
","MISC","0097.jpg"
"1244","text98",2,"RHEINQUELLEN","MISC","0098.jpg"
"1245","text98",4,"Besprechun","MISC","0098.jpg"
"1246","text98",4,"statt¬_
","MISC","0098.jpg"
"1247","text98",5,"Vize-Präsidenten","MISC","0098.jpg"
"1248","text98",5,"Schweizer","MISC","0098.jpg"
"1249","text98",6,"Schif_
_Rheinfelden","ORG","0098.jpg"
"1250","text98",6,"Internationalen_Ausstellung_für_
_Albatros","MISC","0098.jpg"
"1251","text98",6,"Basel","LOC","0098.jpg"
"1252","text98",8,"Gesell¬","MISC","0098.jpg"
"1253","text98",9,"Rhein","LOC","0098.jpg"
"1254","text98",10,"Strassburg","LOC","0098.jpg"
"1255","text98",11,"Bilanzen_auf¬_
","MISC","0098.jpg"
"1256","text98",11,"un_
","ORG","0098.jpg"
"1257","text98",11,"Personen¬_
","MISC","0098.jpg"
"1258","text98",12,"SBB","ORG","0098.jpg"
"1259","text98",13,"Rhein","LOC","0098.jpg"
"1260","text98",17,"Zeit","MISC","0098.jpg"
"1261","text98",17,"Personen¬_
_schaft","MISC","0098.jpg"
"1262","text98",19,"Ansicht_Bahn","ORG","0098.jpg"
"1263","text98",25,"Kon¬","LOC","0098.jpg"
"1264","text98",26,"generös","LOC","0098.jpg"
"1265","text98",27,"Fahrpläne","LOC","0098.jpg"
"1266","text98",28,"ge_
","MISC","0098.jpg"
"1267","text98",29,"erach","LOC","0098.jpg"
"1268","text98",30,"gesam¬","ORG","0098.jpg"
"1269","text98",30,"Ge¬_
","LOC","0098.jpg"
"1270","text98",33,"Basel","LOC","0098.jpg"
"1271","text98",35,"Basler_Rheinschiffahrt-Aktiengesellschaft","MISC","0098.jpg"
"1272","text98",36,"Rhein¬_
_Wir","MISC","0098.jpg"
"1273","text98",39,"Personenschiffahrts¬","ORG","0098.jpg"
"1274","text98",40,"....","ORG","0098.jpg"
"1275","text98",42,"ge¬","PER","0098.jpg"
"1276","text98",42,"all_
","MISC","0098.jpg"
"1277","text98",42,"Basler_Rheinschiffahrts","ORG","0098.jpg"
"1278","text98",46,"Personen¬_
","MISC","0098.jpg"
"1279","text98",46,"Misskredit","LOC","0098.jpg"
"1280","text98",47,"....","MISC","0098.jpg"
"1281","text98",48,"Basler","LOC","0098.jpg"
"1282","text98",48,"schil¬_
_gesellschaft","ORG","0098.jpg"
"1283","text98",49,"Ein¬_
","MISC","0098.jpg"
"1284","text98",49,"Personenschiffahrtsgesell¬_
","MISC","0098.jpg"
"1285","text98",49,"Basler","LOC","0098.jpg"
"1286","text98",49,"Internationalen_Ausstellung_für_Bin","ORG","0098.jpg"
"1287","text98",52,"Basler_Rhein¬","MISC","0098.jpg"
"1288","text98",52,"Wesentliche","LOC","0098.jpg"
"1289","text98",52,"Bedingun","LOC","0098.jpg"
"1290","text98",52,"un_
","MISC","0098.jpg"
"1291","text98",52,"Erachtens","ORG","0098.jpg"
"1292","text98",53,"Ver_
","MISC","0098.jpg"
"1293","text98",53,"Basler","LOC","0098.jpg"
"1294","text98",53,"woh_
_Wir","MISC","0098.jpg"
"1295","text98",55,"Perso¬_
","MISC","0098.jpg"
"1296","text98",55,"Bootes_«_Rheinfelden","LOC","0098.jpg"
"1297","text99",1,"RHEINQUELLEN","MISC","0099.jpg"
"1298","text99",4,"Personenschiff¬_
","MISC","0099.jpg"
"1299","text99",4,"Basler","LOC","0099.jpg"
"1300","text99",4,"Be¬_
","ORG","0099.jpg"
"1301","text99",5,"Bereit¬_
","ORG","0099.jpg"
"1302","text99",5,"Basler","LOC","0099.jpg"
"1303","text99",5,"Auf¬_
_Jebernahme","MISC","0099.jpg"
"1304","text99",8,"per¬_
","MISC","0099.jpg"
"1305","text99",8,"Basler_
","MISC","0099.jpg"
"1306","text99",8,"Tone_
","MISC","0099.jpg"
"1307","text99",9,"ge¬_
","MISC","0099.jpg"
"1308","text99",9,"Basler","LOC","0099.jpg"
"1309","text99",9,"ge¬_
","MISC","0099.jpg"
"1310","text99",9,"Inter_
","MISC","0099.jpg"
"1311","text99",9,"Binnen¬_
","MISC","0099.jpg"
"1312","text99",10,"ge¬","ORG","0099.jpg"
"1313","text99",10,"Perso¬_
","MISC","0099.jpg"
"1314","text99",10,"ab¬_
","ORG","0099.jpg"
"1315","text99",10,"Basler","LOC","0099.jpg"
"1316","text99",10,"Basler_Rheinschiffahrts¬","MISC","0099.jpg"
"1317","text99",10,"Bemer¬_
_A.-G.","MISC","0099.jpg"
"1318","text99",10,"Basler_Rheinschiffahrts-A.-G-","ORG","0099.jpg"
"1319","text99",16,"Binnenwasserstrassen_
","MISC","0099.jpg"
"1320","text99",16,"No","PER","0099.jpg"
"1321","text99",17,"Petrol","LOC","0099.jpg"
"1322","text99",17,"No","LOC","0099.jpg"
"1323","text99",20,"Strassburgs","LOC","0099.jpg"
"1324","text99",22,"Selbstverständlich","PER","0099.jpg"
"1325","text99",22,"Benzir","ORG","0099.jpg"
"1326","text99",23,"Eisenerzverkehr_hin¬","PER","0099.jpg"
"1327","text99",25,"Petrol","LOC","0099.jpg"
"1328","text99",27,"Rhein","LOC","0099.jpg"
"1329","text99",27,"Rohmaterialien","LOC","0099.jpg"
"1330","text99",30,"Kali","MISC","0099.jpg"
"1331","text99",31,"Mannheimer","LOC","0099.jpg"
"1332","text99",31,"Korr_.","LOC","0099.jpg"
"1333","text99",32,"Mannheim","LOC","0099.jpg"
"1334","text99",34,"gan¬_
","MISC","0099.jpg"
"1335","text99",35,"Rhein—Rhone-Kanal","MISC","0099.jpg"
"1336","text99",35,"Kanal¬","MISC","0099.jpg"
"1337","text99",37,"Kanal¬","MISC","0099.jpg"
"1338","text99",37,"Hüninger_Schleuse","LOC","0099.jpg"
"1339","text99",37,"Basel","LOC","0099.jpg"
"1340","text99",43,"Anfuhr","MISC","0099.jpg"
"1341","text99",43,"Entrepôt","LOC","0099.jpg"
"1342","text99",43,"Ta_
","MISC","0099.jpg"
"1343","text99",43,"Abfuh_
","MISC","0099.jpg"
"1344","text99",43,"Pro¬_
","MISC","0099.jpg"
"1345","text99",43,"Berg_
","MISC","0099.jpg"
"1346","text99",44,"Havre","LOC","0099.jpg"
"1347","text99",44,"Marseille","LOC","0099.jpg"
"1348","text99",45,"Es_
","MISC","0099.jpg"
"1349","text99",47,"Havre","LOC","0099.jpg"
"1350","text99",47,"Strassburg","LOC","0099.jpg"
"1351","text99",47,"Rhein","LOC","0099.jpg"
"1352","text99",47,"Tonne_Fr.","PER","0099.jpg"
"1353","text99",47,"Amsterdam","LOC","0099.jpg"
"1354","text99",47,"Neckar","LOC","0099.jpg"
"1355","text99",48,"Fr._86.—","MISC","0099.jpg"
"1356","text99",48,"Quantums","MISC","0099.jpg"
"1357","text99",49,"Zinsverlust","PER","0099.jpg"
"1358","text99",50,"Rheines","LOC","0099.jpg"
"1359","text99",50,"Versand","LOC","0099.jpg"
"1360","text99",52,"Reis","MISC","0099.jpg"
"1361","text99",52,"Mannheimer","LOC","0099.jpg"
"1362","text99",52,"Entrepôt","LOC","0099.jpg"
"1363","text99",54,"Antwerpen","LOC","0099.jpg"
"1364","text99",57,"Mannheim","LOC","0099.jpg"
"1365","text99",58,"Rhein","LOC","0099.jpg"
"1366","text99",59,"Heidelberg","LOC","0099.jpg"
"1367","text99",61,"Hochfelder_Brücke","LOC","0099.jpg"
"1368","text99",61,"Angriff","LOC","0099.jpg"
"1369","text99",62,"Sprengarbeiten","ORG","0099.jpg"
"1370","text99",64,"Strass","LOC","0099.jpg"
"1371","text99",66,"Strass","LOC","0099.jpg"
"1372","text99",67,"Ver_
","MISC","0099.jpg"
"1373","text99",67,"Vor¬","LOC","0099.jpg"
"1374","text99",70,"Petro_
_ten","MISC","0099.jpg"
"1375","text99",71,"be¬","PER","0099.jpg"
"1376","text99",72,"Köln-Mülheimer","LOC","0099.jpg"
"1377","text99",74,"er¬","LOC","0099.jpg"
"1378","text99",75,"Rheinschiffahrt_Petrol","LOC","0099.jpg"
"1379","text99",76,"Rhein¬_
","MISC","0099.jpg"
"1380","text99",77,"Herne-Kanals","LOC","0099.jpg"
"1381","text100",2,"FUR","ORG","0100.jpg"
"1382","text100",3,"SCHIFFAHRT","ORG","0100.jpg"
"1383","text100",3,"ÖBERRHEIN","ORG","0100.jpg"
"1384","text100",5,"STANDIGES","ORG","0100.jpg"
"1385","text100",6,"SEKRETARIAT","MISC","0100.jpg"
"1386","text100",7,"BLUMENRAIN","MISC","0100.jpg"
"1387","text100",8,"TELEPHON","MISC","0100.jpg"
"1388","text100",9,"BIRSIG","ORG","0100.jpg"
"1389","text100",11,"POSTCHECK-KONTO_V","MISC","0100.jpg"
"1390","text100",12,"TELEGRAMM-ADRESSE","ORG","0100.jpg"
"1391","text100",13,"SCHIFFAHRT","ORG","0100.jpg"
"1392","text100",14,"BASEL","MISC","0100.jpg"
"1393","text100",16,"ZEITSCHRIFT","ORG","0100.jpg"
"1394","text100",16,"RHEINQUELLEN","MISC","0100.jpg"
"1395","text100",18,"Obligatorisches","PER","0100.jpg"
"1396","text100",18,"Oberrhein","LOC","0100.jpg"
"1397","text100",18,"Bodensee","LOC","0100.jpg"
"1398","text100",20,"SCHWEIZERISCHES","ORG","0100.jpg"
"1399","text100",21,"WASSERWIRTSCHAFTSARCHIV","MISC","0100.jpg"
"1400","text100",23,"MIT","ORG","0100.jpg"
"1401","text100",24,"VORZUGLICHEF","MISC","0100.jpg"
"1402","text100",30,"REPARATUR-WERKSTATTE","ORG","0100.jpg"
"1403","text100",30,"HERSTELLUNG","MISC","0100.jpg"
"1404","text100",31,"WEIDLINGEN","ORG","0100.jpg"
"1405","text100",32,"FÄHRSCHIFFEN_etc.","MISC","0100.jpg"
"1406","text100",34,"BAGGERUNGEN","MISC","0100.jpg"
"1407","text100",36,"BASEL","ORG","0100.jpg"
"1408","text100",38,"BLUMENRAIN","MISC","0100.jpg"
"1409","text100",39,"Advokat_&_Notar","MISC","0100.jpg"
"1410","text100",42,"Anbei","MISC","0100.jpg"
"1411","text100",43,"No","MISC","0100.jpg"
"1412","text100",44,"Rhein-_
","MISC","0100.jpg"
"1413","text100",46,"vorzüglicher","MISC","0100.jpg"
"1414","text100",47,"Oberrhein-BASEL_
","MISC","0100.jpg"
"1415","text101",1,"Basel","LOC","0101.jpg"
"1416","text101",3,"F._Lützelschwab","PER","0101.jpg"
"1417","text101",3,"z._Adler","PER","0101.jpg"
"1418","text101",5,"sra¬","LOC","0101.jpg"
"1419","text101",7,"Ihres_Briefes","ORG","0101.jpg"
"1420","text101",9,"Vorstandes","MISC","0101.jpg"
"1421","text101",9,"Passus","PER","0101.jpg"
"1422","text101",9,"Basler","LOC","0101.jpg"
"1423","text101",9,"A.-G.-","MISC","0101.jpg"
"1424","text101",13,"Herrn_Rupprecht","LOC","0101.jpg"
"1425","text101",16,"Brief_der_Basler_Rheinschiffahrt_
","MISC","0101.jpg"
"1426","text101",16,"Kur-_&_Verkehrsverein","ORG","0101.jpg"
"1427","text101",18,"Basel","LOC","0101.jpg"
"1428","text101",18,"Rheinfelden","LOC","0101.jpg"
"1429","text101",18,"Basler","LOC","0101.jpg"
"1430","text102",1,"Kur-_à_Verkehrsverein_Rheinfelden","ORG","0102.jpg"
"1431","text102",2,"Ganeral-_
_versammlung","MISC","0102.jpg"
"1432","text103",1,"Basel","ORG","0103.jpg"
"1433","text103",4,"Basler","LOC","0103.jpg"
"1434","text103",5,"Basel","ORG","0103.jpg"
"1435","text103",6,"Basler_Personenschiffahrts-","ORG","0103.jpg"
"1436","text103",6,"Basel","LOC","0103.jpg"
"1437","text103",7,"Kaiseraugst","LOC","0103.jpg"
"1438","text103",8,"Kaufvertrages","PER","0103.jpg"
"1439","text103",8,"Rheinfelden","LOC","0103.jpg"
"1440","text103",8,"Basler","ORG","0103.jpg"
"1441","text103",9,"An-_
","MISC","0103.jpg"
"1442","text103",10,"Kaiseraugst","LOC","0103.jpg"
"1443","text103",11,"Wiederauf-_
","MISC","0103.jpg"
"1444","text104",6,"vorzüglicher","MISC","0104.jpg"
"1445","text105",1,"Basler_Rheinschiffahrt-Aktiengesellschaft","MISC","0105.jpg"
"1446","text105",1,"Basel","MISC","0105.jpg"
"1447","text105",3,"STRASSBURG","ORG","0105.jpg"
"1448","text105",3,"KEHL","ORG","0105.jpg"
"1449","text105",3,"KARLSRUHE","MISC","0105.jpg"
"1450","text105",3,"MANNHEIM","LOC","0105.jpg"
"1451","text105",3,"KÖLN","ORG","0105.jpg"
"1452","text105",3,"DUISBURG-RUHRORT","ORG","0105.jpg"
"1453","text105",3,"ROTTERDAM","MISC","0105.jpg"
"1454","text105",3,"ANTWERPEN","ORG","0105.jpg"
"1455","text105",3,"Basel","LOC","0105.jpg"
"1456","text105",3,"7.Sept.1932","MISC","0105.jpg"
"1457","text105",5,"DIREKTION","ORG","0105.jpg"
"1458","text105",6,"Planta_
","MISC","0105.jpg"
"1459","text105",6,"Basel","ORG","0105.jpg"
"1460","text105",12,"Präsi-_
","MISC","0105.jpg"
"1461","text105",12,"Herrn","PER","0105.jpg"
"1462","text105",12,"Genossenschaftskapitales","LOC","0105.jpg"
"1463","text105",12,"Personenschiffahrts-_
_gesellschaft","ORG","0105.jpg"
"1464","text105",14,"Kraftwerkes_Kembs","LOC","0105.jpg"
"1465","text105",15,"Kurses","MISC","0105.jpg"
"1466","text105",15,"Rheinfelden","LOC","0105.jpg"
"1467","text105",15,"Kurses","MISC","0105.jpg"
"1468","text105",15,"Kraftwerk_Kembs","LOC","0105.jpg"
"1469","text105",16,"Frs_33.000.-","MISC","0105.jpg"
"1470","text105",16,"Personenschiffahrts-_
_gesellschaft","ORG","0105.jpg"
"1471","text106",1,"Frs_33.000.-","MISC","0106.jpg"
"1472","text106",1,"festverzinsliches","MISC","0106.jpg"
"1473","text106",2,"Basler_Personenschiffahrtsgeschäftes","MISC","0106.jpg"
"1474","text106",5,"Rheinfelden","LOC","0106.jpg"
"1475","text106",5,"Basler","LOC","0106.jpg"
"1476","text106",5,"na=_
","ORG","0106.jpg"
"1477","text106",5,"Rheinfelderstrandbad","LOC","0106.jpg"
"1478","text106",6,"Darlehensidee","PER","0106.jpg"
"1479","text106",7,"Basler_Personenfahrt","MISC","0106.jpg"
"1480","text107",3,"vorzüglicher","MISC","0107.jpg"
"1481","text108",4,"PLANTA","MISC","0108.jpg"
"1482","text108",6,"NOTARE","ORG","0108.jpg"
"1483","text108",9,"ALBANGRABEN","MISC","0108.jpg"
"1484","text108",11,"Basel","LOC","0108.jpg"
"1485","text108",12,"Basel","LOC","0108.jpg"
"1486","text108",15,"Basler_Personenschiffahrtsgesellschaft","MISC","0108.jpg"
"1487","text108",15,"Franken","LOC","0108.jpg"
"1488","text108",17,"jeweilen","PER","0108.jpg"
"1489","text108",17,"1.Februar","MISC","0108.jpg"
"1490","text108",17,"1.August","MISC","0108.jpg"
"1491","text108",18,"Darlehenskapital","LOC","0108.jpg"
"1492","text108",18,"Jah-_
","MISC","0108.jpg"
"1493","text108",21,"Basler_
","ORG","0108.jpg"
"1494","text108",21,"Rheinschiffahrt-Aktiengesellschaft","MISC","0108.jpg"
"1495","text109",1,"Rheinfelden","LOC","0109.jpg"
"1496","text109",1,"Basel-Kembs","LOC","0109.jpg"
"1497","text109",3,"Basler_Rheinschiffahrt-Aktiengesellschaft","MISC","0109.jpg"
"1498","text109",3,"Basler","ORG","0109.jpg"
"1499","text109",3,"Schiffshypothek_zweiten_Ranges","MISC","0109.jpg"
"1500","text109",5,"Basler_Rheinschiffahrt-Aktiengesellschaft_be-","ORG","0109.jpg"
"1501","text109",5,"Basler_Personenschiffahrtsge-_
_sellschaft","ORG","0109.jpg"
"1502","text109",6,"Zeit_des_Darlehens","ORG","0109.jpg"
"1503","text109",6,"Rhein-","LOC","0109.jpg"
"1504","text109",6,"Basler","LOC","0109.jpg"
"1505","text109",7,"Korrespondenzwege","MISC","0109.jpg"
"1506","text109",8,"Basler","ORG","0109.jpg"
"1507","text109",8,"Rhein-","LOC","0109.jpg"
"1508","text109",8,"Kembs","LOC","0109.jpg"
"1509","text109",8,"Istein","LOC","0109.jpg"
"1510","text109",10,"Basler_Personenschiffahrtsgesellschaft","MISC","0109.jpg"
"1511","text109",10,"Darlehens","LOC","0109.jpg"
"1512","text109",11,"IV.","PER","0109.jpg"
"1513","text110",1,"richter","PER","0110.jpg"
"1514","text110",2,"richter","MISC","0110.jpg"
"1515","text110",2,"Obmanns","MISC","0110.jpg"
"1516","text110",2,"Obmanns","MISC","0110.jpg"
"1517","text110",4,"Basler_Personenschiffahrtsgesellschaft","MISC","0110.jpg"
"1518","text110",4,"Vertrag_unter_dem_Vorbehalt_der_Ge-","MISC","0110.jpg"
"1519","text110",4,"ausserordentliche","MISC","0110.jpg"
"1520","text110",5,"Basel","ORG","0110.jpg"
"1521","text110",5,"Basler","LOC","0110.jpg"
"1522","text111",3,"Basler","LOC","0111.jpg"
"1523","text111",7,"Ihres_Geehrten_vom_7.ds","MISC","0111.jpg"
"1524","text111",9,"Basler_Personenschiffahrts-gesellschaft","ORG","0111.jpg"
"1525","text112",1,"DR","ORG","0112.jpg"
"1526","text112",2,"W._MEILE-WELTI","ORG","0112.jpg"
"1527","text112",3,"MISSIONSSTRASSE","MISC","0112.jpg"
"1528","text112",5,"BASEL_
","MISC","0112.jpg"
"1529","text112",8,"Füs_s_Busls","ORG","0112.jpg"
"1530","text112",12,"la_iid_drersteg","ORG","0112.jpg"
"1531","text112",13,"B_
_n_Mhenntsnng","LOC","0112.jpg"
"1532","text112",14,"lervotenn","PER","0112.jpg"
"1533","text112",14,"df_nsdgsids_totallg","ORG","0112.jpg"
"1534","text112",15,"mely_
_I_d_satttandnn_Sorlle","MISC","0112.jpg"
"1535","text113",1,"ag","ORG","0113.jpg"
"1536","text113",3,"nsht","ORG","0113.jpg"
"1537","text113",4,"tre","MISC","0113.jpg"
"1538","text113",5,"ds","MISC","0113.jpg"
"1539","text113",5,"melle_1_t","MISC","0113.jpg"
"1540","text113",8,"ii_ategdit","PER","0113.jpg"
"1541","text113",10,"Foslfoo","PER","0113.jpg"
"1542","text113",15,"Jan_mes","PER","0113.jpg"
"1543","text114",2,"Basel","LOC","0114.jpg"
"1544","text114",3,"Basler","ORG","0114.jpg"
"1545","text114",3,"RheinschiffahrtS","MISC","0114.jpg"
"1546","text114",8,"5._ds","MISC","0114.jpg"
"1547","text114",9,"be-","ORG","0114.jpg"
"1548","text114",11,"Fr.33'000.-","ORG","0114.jpg"
"1549","text114",14,"Fr.20","MISC","0114.jpg"
"1550","text114",14,"Fr._25'000.-","MISC","0114.jpg"
"1551","text114",17,"Darlehens","LOC","0114.jpg"
"1552","text115",1,"BASLER","ORG","0115.jpg"
"1553","text115",4,"MARKTGASSE","ORG","0115.jpg"
"1554","text115",7,"Navibale","LOC","0115.jpg"
"1555","text115",8,"Schweiz","LOC","0115.jpg"
"1556","text115",9,"Bankverein_Basel","PER","0115.jpg"
"1557","text115",9,"Basel","ORG","0115.jpg"
"1558","text115",9,"4.Oktober_1932","MISC","0115.jpg"
"1559","text115",9,"Herrn_Dr._Max_Vischer","PER","0115.jpg"
"1560","text115",12,"Ihres_Schreibens","MISC","0115.jpg"
"1561","text115",13,"Per-_
","MISC","0115.jpg"
"1562","text115",13,"Rheinfelden","LOC","0115.jpg"
"1563","text115",14,"Rheinfelden","ORG","0115.jpg"
"1564","text115",15,"Rheinfelden","LOC","0115.jpg"
"1565","text115",16,"Rheinfelden","LOC","0115.jpg"
"1566","text115",16,"Rheinfelden","LOC","0115.jpg"
"1567","text115",17,"Ienfel","PER","0115.jpg"
"1568","text115",19,"Rheinweiler","PER","0115.jpg"
"1569","text116",1,"Basel","LOC","0116.jpg"
"1570","text116",2,"Rheinfelden","LOC","0116.jpg"
"1571","text116",2,"Rheinfelden","LOC","0116.jpg"
"1572","text116",2,"Basel","LOC","0116.jpg"
"1573","text116",3,"Neuenburg","LOC","0116.jpg"
"1574","text116",4,"Neuenburg","LOC","0116.jpg"
"1575","text116",4,"Badenweiler","LOC","0116.jpg"
"1576","text116",5,"Kurgästen","MISC","0116.jpg"
"1577","text116",5,"interessan-_
_ten_Kembser_Anlagen","MISC","0116.jpg"
"1578","text116",5,"Stadt_Basel","LOC","0116.jpg"
"1579","text116",7,"Gemeinde_Rheinfelden","LOC","0116.jpg"
"1580","text116",7,"Strandbad_Rheinfelden","LOC","0116.jpg"
"1581","text116",8,"Strandbades_Rheinfelden","ORG","0116.jpg"
"1582","text116",8,"Strandbad_Rheinfelden","ORG","0116.jpg"
"1583","text116",9,"Rhein-","LOC","0116.jpg"
"1584","text116",9,"Landungssteg_Gäste","PER","0116.jpg"
"1585","text116",10,"Gemeinde_Rheinfelden","LOC","0116.jpg"
"1586","text116",10,"Rheinfelden","LOC","0116.jpg"
"1587","text116",10,"Strandbad","LOC","0116.jpg"
"1588","text116",10,"Landungssteg","LOC","0116.jpg"
"1589","text116",10,"Strandbad","LOC","0116.jpg"
"1590","text117",1,"Basel","ORG","0117.jpg"
"1591","text117",4,"Spillmann","PER","0117.jpg"
"1592","text117",4,"Rheinfelden","LOC","0117.jpg"
"1593","text117",4,"Kembs","LOC","0117.jpg"
"1594","text117",6,"Rheinfelden","ORG","0117.jpg"
"1595","text117",6,"Fahrplanes","ORG","0117.jpg"
"1596","text117",9,"vorzüglicher","MISC","0117.jpg"
"1597","text117",9,"BASLER","ORG","0117.jpg"
"1598","text117",10,"RHEINSCHIFFARRT-AKTIENGESELLSCHAFT_
","MISC","0117.jpg"
"1599","text118",1,"BASLER","ORG","0118.jpg"
"1600","text118",2,"PERSONENSCHIFFAHRTS-GESELLSCHAFT","ORG","0118.jpg"
"1601","text118",6,"Basler_Personenschiffahrts-_
_gesellschaft","ORG","0118.jpg"
"1602","text118",8,"Protokolls","LOC","0118.jpg"
"1603","text118",10,"obigen_Protokolls","MISC","0118.jpg"
"1604","text118",12,"Basler","LOC","0118.jpg"
"1605","text119",2,"Dr._W._Meile","PER","0119.jpg"
"1606","text119",6,"Brief_der_B.R.S.A.G.","MISC","0119.jpg"
"1607","text120",2,"FUR","ORG","0120.jpg"
"1608","text120",3,"SCHIFFAHRT","ORG","0120.jpg"
"1609","text120",5,"BLUMENRAIN","MISC","0120.jpg"
"1610","text120",9,"STANDIGES","ORG","0120.jpg"
"1611","text120",10,"SEKRETARIAT","MISC","0120.jpg"
"1612","text120",11,"BLUMENRAIN","MISC","0120.jpg"
"1613","text120",11,"Basler","PER","0120.jpg"
"1614","text120",12,"TELEPHON","MISC","0120.jpg"
"1615","text120",13,"BIRSIG","ORG","0120.jpg"
"1616","text120",15,"POSTCHECK-KONTO_V","MISC","0120.jpg"
"1617","text120",16,"TELEGRAMM-ADRESSE","ORG","0120.jpg"
"1618","text120",17,"SCHIFFAHRT","ORG","0120.jpg"
"1619","text120",18,"BASEL","MISC","0120.jpg"
"1620","text120",18,"Basel","ORG","0120.jpg"
"1621","text120",19,"VERLAG","ORG","0120.jpg"
"1622","text120",19,"ZEITSCHRIFT","ORG","0120.jpg"
"1623","text120",19,"RHEINQUELLEN","MISC","0120.jpg"
"1624","text120",21,"Obligatorisches","PER","0120.jpg"
"1625","text120",21,"Oberrhein","LOC","0120.jpg"
"1626","text120",21,"Bodensee","LOC","0120.jpg"
"1627","text120",24,"SCHWEIZERISCHES","ORG","0120.jpg"
"1628","text120",25,"WASSERWIRTSCHAFTSARCHIV","MISC","0120.jpg"
"1629","text120",30,"FACHBIBLIOTHEK","ORG","0120.jpg"
"1630","text120",30,"WERKSTATT_FUR","ORG","0120.jpg"
"1631","text120",31,"REPARATUR-WERKSTÄTTE","MISC","0120.jpg"
"1632","text120",31,"HERSTELLUNG","MISC","0120.jpg"
"1633","text120",32,"WEIDLINGEN","ORG","0120.jpg"
"1634","text120",32,"B.R.S.A.G.","MISC","0120.jpg"
"1635","text120",33,"FÄHRSCHIFFEN_etc.","MISC","0120.jpg"
"1636","text120",35,"BAGGERUNGEN","MISC","0120.jpg"
"1637","text120",38,"vorzüglicher","MISC","0120.jpg"
"1638","text121",2,"Kret","PER","0121.jpg"
"1639","text121",2,"Taxe_

","MISC","0121.jpg"
"1640","text121",8,"Stunde-Heure-Ora","LOC","0121.jpg"
"1641","text121",8,"Wörter-Mot-Parole","LOC","0121.jpg"
"1642","text121",9,"Abonnent-Abonné-Abbonato_


_Total","MISC","0121.jpg"
"1643","text121",10,"Befördert—","ORG","0121.jpg"
"1644","text121",11,"Ricevuto","ORG","0121.jpg"
"1645","text121",11,"Nane-Nom-Nome","LOC","0121.jpg"
"1646","text121",13,"shns-haun-a_
","MISC","0121.jpg"
"1647","text121",15,"aeschenvorstadt","LOC","0121.jpg"
"1648","text121",15,"basel","LOC","0121.jpg"
"1649","text121",17,"VII","MISC","0121.jpg"
"1650","text121",21,"Qu","LOC","0121.jpg"
"1651","text121",22,"O_70","MISC","0121.jpg"
"1652","text122",5,"BASEL_+_MARKTGASSE","ORG","0122.jpg"
"1653","text122",7,"Navibale","LOC","0122.jpg"
"1654","text122",7,"Schweiz","LOC","0122.jpg"
"1655","text122",8,"Bankverein_Basel","PER","0122.jpg"
"1656","text122",8,"Basel","ORG","0122.jpg"
"1657","text122",11,"Herrn_Dr._Max_Vischer","PER","0122.jpg"
"1658","text122",11,"Basel","ORG","0122.jpg"
"1659","text122",13,"Herrn_Ad","PER","0122.jpg"
"1660","text122",14,"Handen_Ihres_Vorstandes","ORG","0122.jpg"
"1661","text122",14,"Herrn","PER","0122.jpg"
"1662","text122",19,"Zeit","MISC","0122.jpg"
"1663","text122",19,"Darlehens","LOC","0122.jpg"
"1664","text122",19,"Rheinfelden","LOC","0122.jpg"
"1665","text122",20,"Rheinfelden","LOC","0122.jpg"
"1666","text122",20,"Kembs","LOC","0122.jpg"
"1667","text122",20,"Istein","LOC","0122.jpg"
"1668","text123",1,"Herrn_Dr.","PER","0123.jpg"
"1669","text123",2,"Advokat","ORG","0123.jpg"
"1670","text123",2,"Basel","ORG","0123.jpg"
"1671","text123",4,"Rheinfelden","LOC","0123.jpg"
"1672","text123",4,"Strandbad_Rhein-_
","ORG","0123.jpg"
"1673","text123",5,"Rheinfelder","LOC","0123.jpg"
"1674","text123",5,"Oppo-_
_sition","MISC","0123.jpg"
"1675","text123",5,"Oppo-_
_sition","MISC","0123.jpg"
"1676","text123",6,"Rheinfelden","LOC","0123.jpg"
"1677","text123",6,"Strandbad","LOC","0123.jpg"
"1678","text123",8,"Rheinfelden","LOC","0123.jpg"
"1679","text123",9,"Gesellschaft_der_Fall","ORG","0123.jpg"
"1680","text123",10,"nächstes_
_Jahr","MISC","0123.jpg"
"1681","text123",14,"HEINSCHIFARRT-AKTIENGESELLSCHAFT","MISC","0123.jpg"
"1682","text124",1,"By_
_DE","MISC","0124.jpg"
"1683","text124",3,"24.Novenber_
_DE_P._C.","ORG","0124.jpg"
"1684","text124",5,"PLANTA","MISC","0124.jpg"
"1685","text124",6,"ALBANGRABERS","ORG","0124.jpg"
"1686","text124",8,"DVOKATEN","ORG","0124.jpg"
"1687","text124",9,"NOTARE","ORG","0124.jpg"
"1688","text124",13,"ALBANGRAETMR","MISC","0124.jpg"
"1689","text124",16,"TELEPHON","ORG","0124.jpg"
"1690","text124",20,"BASEL_

","MISC","0124.jpg"
"1691","text124",22,"Basler_Personenschiffahrtsgesellschaft","MISC","0124.jpg"
"1692","text124",25,"Schweiz","LOC","0124.jpg"
"1693","text124",26,"Wirtschaftgärchiv_Basel","ORG","0124.jpg"
"1694","text124",27,"Herrn","PER","0124.jpg"
"1695","text124",27,"F.Mangold","PER","0124.jpg"
"1696","text125",3,"Basel","ORG","0125.jpg"
"1697","text125",6,"Basler","LOC","0125.jpg"
"1698","text125",7,"Basel","MISC","0125.jpg"
"1699","text125",8,"Ihres_Briefes","ORG","0125.jpg"
"1700","text125",8,"Absatz_II","PER","0125.jpg"
"1701","text125",10,"Der_Vertrag","MISC","0125.jpg"
"1702","text125",12,"Oberrhein","LOC","0125.jpg"
"1703","text125",14,"vorzüglicher","MISC","0125.jpg"
"1704","text126",1,"Basler_Rheinschiffahrt-Aktiengesellschaft","MISC","0126.jpg"
"1705","text126",1,"Basel","MISC","0126.jpg"
"1706","text126",3,"STRASSBURG","ORG","0126.jpg"
"1707","text126",3,"KEHL","ORG","0126.jpg"
"1708","text126",3,"KARLSRUHE","MISC","0126.jpg"
"1709","text126",3,"MANNHEIM","LOC","0126.jpg"
"1710","text126",3,"KÖLN","ORG","0126.jpg"
"1711","text126",3,"DUISBURG-RUHRORT","ORG","0126.jpg"
"1712","text126",3,"ROTTERDAM","MISC","0126.jpg"
"1713","text126",3,"ANTWERPEN","ORG","0126.jpg"
"1714","text126",3,"Basel","ORG","0126.jpg"
"1715","text126",3,"Planta_
","MISC","0126.jpg"
"1716","text126",3,"DIREKTION","ORG","0126.jpg"
"1717","text126",7,"Personenschiffahrtsgesellschaft_
_den_Darlehensvertrag","MISC","0126.jpg"
"1718","text126",9,"Vereins_für_die_Schiffahrt","ORG","0126.jpg"
"1719","text126",9,"Propagandazwecken","LOC","0126.jpg"
"1720","text126",10,"V.f","LOC","0126.jpg"
"1721","text126",12,"O.Rh","MISC","0126.jpg"
"1722","text126",13,"freundlicher","MISC","0126.jpg"
"1723","text126",16,"vorzüglicher","MISC","0126.jpg"
"1724","text127",1,"(_4_
_Basel","LOC","0127.jpg"
"1725","text127",3,"Basler","LOC","0127.jpg"
"1726","text127",3,"Rheinschiffahrt-Aktiengesellschaft","MISC","0127.jpg"
"1727","text127",5,"Basler_Personenschiffahrtsgesellschaft","ORG","0127.jpg"
"1728","text127",6,"Ihres_Geehrten","MISC","0127.jpg"
"1729","text127",7,"Ich_
","MISC","0127.jpg"
"1730","text127",7,"Oberrhein","LOC","0127.jpg"
"1731","text128",5,"Basel","ORG","0128.jpg"
"1732","text128",8,"Basler","LOC","0128.jpg"
"1733","text128",8,"Basel","ORG","0128.jpg"
"1734","text128",14,"Kaiseraugst","LOC","0128.jpg"
"1735","text128",16,"Basel-Breite","LOC","0128.jpg"
"1736","text128",21,"Herrn_Ryniker","PER","0128.jpg"
"1737","text128",22,"Wir_
","MISC","0128.jpg"
"1738","text128",26,"un-_
","MISC","0128.jpg"
"1739","text128",26,"Betriebes","PER","0128.jpg"
"1740","text128",27,"Kaiseraugst","LOC","0128.jpg"
"1741","text129",1,"Gellert","PER","0129.jpg"
"1742","text129",1,"St._Alban","PER","0129.jpg"
"1743","text129",1,"Birsfelden","LOC","0129.jpg"
"1744","text129",1,"Landungssteg","LOC","0129.jpg"
"1745","text129",1,"bedie-_
","ORG","0129.jpg"
"1746","text129",2,"Berg_
","LOC","0129.jpg"
"1747","text129",4,"Punkten_2_&_3_bemerken","MISC","0129.jpg"
"1748","text129",5,"Strecke_Basel-Rheinfelden","LOC","0129.jpg"
"1749","text129",6,"Basel-Breite","LOC","0129.jpg"
"1750","text129",6,"Kaiseraugst","LOC","0129.jpg"
"1751","text129",7,"Breite","LOC","0129.jpg"
"1752","text129",7,"Tal-_
","MISC","0129.jpg"
"1753","text129",11,"Ihres_Betriebes","MISC","0129.jpg"
"1754","text129",14,"vorzüglicher","MISC","0129.jpg"
"1755","text130",3,"Basel","ORG","0130.jpg"
"1756","text130",6,"Basler_Rheinschiffahrts","ORG","0130.jpg"
"1757","text130",6,"A.-G.-","MISC","0130.jpg"
"1758","text130",7,"Basel","LOC","0130.jpg"
"1759","text130",11,"Beschwerdeführern","LOC","0130.jpg"
"1760","text130",13,"vorzüglicher","MISC","0130.jpg"
"1761","text130",14,"Easer","PER","0130.jpg"
"1762","text131",1,"BASLER","ORG","0131.jpg"
"1763","text131",6,"Fahrplanmässiger","LOC","0131.jpg"
"1764","text131",7,"EUE","ORG","0131.jpg"
"1765","text131",7,"ADRESSE","ORG","0131.jpg"
"1766","text131",10,"Rheinfelden","LOC","0131.jpg"
"1767","text131",10,"Kraff¬_
","MISC","0131.jpg"
"1768","text131",11,"TELEPHON","MISC","0131.jpg"
"1769","text131",12,"Kembs-Istein-Rheinweiler","PER","0131.jpg"
"1770","text131",12,"GESELLSCHAFTSFAHRTEN","ORG","0131.jpg"
"1771","text131",15,"ABENDFAHRTEN","MISC","0131.jpg"
"1772","text131",16,"R_/_J_
_Basler_Personenschiffahrts-Gesellschaft","MISC","0131.jpg"
"1773","text131",19,"Extraschiffes","LOC","0131.jpg"
"1774","text131",20,"Personenschiffahrts-_
_Gesellschaft_Plätze","ORG","0131.jpg"
"1775","text131",24,"BASLER_

","MISC","0131.jpg"
"1776","text131",26,"AKTIENGESELISCHAFT","MISC","0131.jpg"
"1777","text131",27,"Schweizerische_Rheinreederel","ORG","0131.jpg"
"1778","text131",28,"Schweiz-Nordsee-Schweiz","LOC","0131.jpg"
"1779","text131",31,"Antwerpen","LOC","0131.jpg"
"1780","text131",31,"Rofterdam","LOC","0131.jpg"
"1781","text131",31,"Duisburg-Ruhrort","LOC","0131.jpg"
"1782","text131",31,"Köln","LOC","0131.jpg"
"1783","text131",31,"Mannheim","LOC","0131.jpg"
"1784","text131",31,"Karlsruhe","MISC","0131.jpg"
"1785","text131",31,"Kehl","LOC","0131.jpg"
"1786","text131",31,"Strassburg","LOC","0131.jpg"
"1787","text132",1,"BASLER","ORG","0132.jpg"
"1788","text132",3,"Basel","ORG","0132.jpg"
"1789","text132",5,"Fritz_Ritter","PER","0132.jpg"
"1790","text132",6,"Basler","LOC","0132.jpg"
"1791","text132",6,"A.-G.-","MISC","0132.jpg"
"1792","text132",8,"Basel","LOC","0132.jpg"
"1793","text132",13,"Letztes_Jahr_
","MISC","0132.jpg"
"1794","text132",13,"Auskunft","ORG","0132.jpg"
"1795","text132",14,"Schweizerhall","LOC","0132.jpg"
"1796","text132",14,"Kaiseraugst","LOC","0132.jpg"
"1797","text132",18,"vorzüglicher","MISC","0132.jpg"
"1798","text133",1,"BASLER","ORG","0133.jpg"
"1799","text133",6,"Fahrplanmässiger","LOC","0133.jpg"
"1800","text133",9,"ADRESSE","ORG","0133.jpg"
"1801","text133",9,"Westqualstrasse","MISC","0133.jpg"
"1802","text133",12,"Rheinfelden","LOC","0133.jpg"
"1803","text133",12,"Kraft¬","MISC","0133.jpg"
"1804","text133",12,"TELEPHON","MISC","0133.jpg"
"1805","text133",14,"Kembs-Istein-Rheinweiler","PER","0133.jpg"
"1806","text133",17,"ABENDFAHRTEN","MISC","0133.jpg"
"1807","text133",18,"R_/_J_
_Basler_Personenschiffahrts-Gesellschaft","MISC","0133.jpg"
"1808","text133",18,"Herrn_Oettinger","LOC","0133.jpg"
"1809","text133",18,"Basel","ORG","0133.jpg"
"1810","text133",20,"Personenschiffahrts-Betrieb","LOC","0133.jpg"
"1811","text133",20,"Jahr_Auskunft_
","MISC","0133.jpg"
"1812","text133",21,"Herr_Groschupf","LOC","0133.jpg"
"1813","text133",21,"unserm","LOC","0133.jpg"
"1814","text133",22,"Herrn_Wacker","PER","0133.jpg"
"1815","text133",26,"Rheinfelden","LOC","0133.jpg"
"1816","text133",28,"Hauptfrequenz_
","MISC","0133.jpg"
"1817","text133",28,"Einzelreisende","PER","0133.jpg"
"1818","text133",29,"Schweizerische_Rheinreederel","ORG","0133.jpg"
"1819","text133",30,"Schweiz-Nordsee-Schweiz","LOC","0133.jpg"
"1820","text133",33,"Antwerpen","LOC","0133.jpg"
"1821","text133",33,"Rotterdam","LOC","0133.jpg"
"1822","text133",33,"Dulsburg-Ruhrort","LOC","0133.jpg"
"1823","text133",33,"Köln","LOC","0133.jpg"
"1824","text133",33,"Mannheim","LOC","0133.jpg"
"1825","text133",33,"Karlsruhe","MISC","0133.jpg"
"1826","text133",33,"Kehl","LOC","0133.jpg"
"1827","text133",33,"Strassburg","LOC","0133.jpg"
"1828","text134",2,"Kaiseraugst","PER","0134.jpg"
"1829","text134",3,"Schweizerhalle","LOC","0134.jpg"
"1830","text134",4,"Basel-Augst","LOC","0134.jpg"
"1831","text134",4,"Kaiseraugst","LOC","0134.jpg"
"1832","text134",4,"Kaiseraugst","LOC","0134.jpg"
"1833","text134",4,"grosse_Manöver","PER","0134.jpg"
"1834","text134",5,"Kaiseraugst","PER","0134.jpg"
"1835","text134",6,"Basel-Augst","LOC","0134.jpg"
"1836","text134",6,"Kaiseraugst","LOC","0134.jpg"
"1837","text134",12,"Rheinfelden","LOC","0134.jpg"
"1838","text134",13,"Basel","LOC","0134.jpg"
"1839","text134",14,"Kaiseraugst","PER","0134.jpg"
"1840","text134",14,"Schwei-_
","PER","0134.jpg"
"1841","text134",15,"wir_Jahr_für_Jahr","MISC","0134.jpg"
"1842","text135",3,"triebsverlust_von_Fr.","PER","0135.jpg"
"1843","text135",5,"Herrn_Wacker","PER","0135.jpg"
"1844","text135",5,"Kaiseraugst","PER","0135.jpg"
"1845","text135",9,"vorzüglicher","MISC","0135.jpg"
"1846","text135",9,"BASLER","ORG","0135.jpg"
"1847","text135",11,"RAENSCHIFFAHRT","ORG","0135.jpg"
"1848","text136",1,"BASLER","ORG","0136.jpg"
"1849","text136",5,"POSTFACH","MISC","0136.jpg"
"1850","text136",6,"Navibale","LOC","0136.jpg"
"1851","text136",6,"Schweiz","LOC","0136.jpg"
"1852","text136",7,"Bankverein_Basel","PER","0136.jpg"
"1853","text136",7,"Basel","ORG","0136.jpg"
"1854","text136",11,"St.","ORG","0136.jpg"
"1855","text136",12,"Telephon-Nummer","MISC","0136.jpg"
"1856","text136",13,"Basel","LOC","0136.jpg"
"1857","text136",16,"Hypothek_""_Rhyblitz","MISC","0136.jpg"
"1858","text136",23,"Rheinschiffahrt-Aktiengesellschaft","MISC","0136.jpg"
"1859","text136",23,"Mrtottst","MISC","0136.jpg"
"1860","text137",1,"EM","MISC","0137.jpg"
"1861","text137",4,"Basler","LOC","0137.jpg"
"1862","text137",6,"Ihres_Geehrten","MISC","0137.jpg"
"1863","text137",6,"Hypothek_""_Rhyblitz","MISC","0137.jpg"
